customer_id,MRR,effective_monthly_revenue,payment_failure_rate,usage_intensity_score,support_escalation_rate,average_csat,renewal_risk_score,region,plan_name,sales_channel,subscription_status_norm,customer_health_score,risk_category
C00001,0.0,0.0,0.25,47.94,0.0,2.9705882352941178,71.67,West,,Partner,Expired,56.21,Watchlist
C00004,23794.45,77444.11,0.25,0.0,0.0,3.0,40.0,North,,Marketplace,Active,57.07,Watchlist
C00006,0.0,0.0,0.0,44.08,0.0,2.9705882352941178,15.0,North,Enterprise,,Nan,75.67,Healthy
C00010,0.0,0.0,0.0,57.61,0.0,2.9705882352941178,15.0,,Pro,Inside Sales,Trial,79.05,Healthy
C00011,0.0,92992.91,0.0,61.46,1.0,3.0,40.0,East,Basic,Website,Trial,66.19,Watchlist
C00013,0.0,0.0,0.0,29.34,0.0,2.0,75.0,North,Basic,Inside Sales,Cancelled,52.01,Watchlist
C00017,0.0,104843.35,0.0,38.82,0.0,2.9705882352941178,100.0,Central,Pro,,Expired,53.1,Watchlist
C00019,0.0,0.0,0.0,40.35,0.0,3.0,70.0,,,Inside Sales,Nan,65.91,Watchlist
C00026,14872.6659,0.0,0.0,0.0,0.0,2.9705882352941178,70.0,East,Enterprise,Partner,Active,50.9,Watchlist
C00028,0.0,12975.19,0.0,47.71,0.0,2.9705882352941178,100.0,North,Enterprise,Partner,Cancelled,55.32,Watchlist
C00031,18912.681500000002,0.0,0.0,54.47,0.0,2.9705882352941178,27.5,West,Enterprise,Inside Sales,Active,75.14,Healthy
C00032,0.0,0.0,0.0,0.0,0.0,2.0,25.0,East,Enterprise,Website,Trial,57.18,Watchlist
C00035,18311.98,0.0,1.0,43.18,0.0,3.0,40.0,Central,Enterprise,Website,Active,49.12,Watchlist
C00036,0.0,0.0,0.0,0.0,0.0,2.9705882352941178,25.0,West,,,Trial,62.15,Watchlist
C00037,0.0,0.0,0.0,0.0,0.0,2.9705882352941178,15.0,North,,Website,Active,64.65,Watchlist
C00038,0.0,0.0,0.0,0.0,0.0,2.9705882352941178,85.0,East,Basic,Inside Sales,Expired,47.15,Watchlist
C00042,0.0,101951.77,0.4,37.09,1.0,2.0,63.75,North,,Inside Sales,Expired,34.26,High Risk
C00043,0.0,63619.65,0.0,64.22,0.0,2.9705882352941178,75.0,South,,Marketplace,Expired,65.7,Watchlist
C00046,0.0,0.0,0.0,53.79,0.0,2.9705882352941178,40.0,South,Growth,Inside Sales,Trial,71.84,Healthy
C00047,0.0,0.0,0.0,57.59,0.0,2.0,40.0,,Enterprise,Website,Trial,67.82,Watchlist
C00050,0.0,0.0,0.0,53.04,0.0,2.9705882352941178,15.0,South,Basic,,Trial,77.91,Healthy
C00053,0.0,0.0,0.0,44.59,0.0,2.9705882352941178,40.0,North,Enterprise,Website,Trial,69.54,Watchlist
C00056,0.0,0.0,1.0,62.49,0.0,2.9705882352941178,15.0,East,,Partner,Trial,55.27,Watchlist
C00059,0.0,0.0,0.0,42.86,0.0,2.9705882352941178,100.0,South,,Partner,Expired,54.11,Watchlist
C00062,0.0,0.0,0.0,42.76,0.0,2.9705882352941178,100.0,East,,Marketplace,Cancelled,54.09,Watchlist
C00065,0.0,0.0,0.0,40.18,0.0,2.9705882352941178,40.0,West,Pro,Inside Sales,Trial,68.44,Watchlist
C00066,0.0,0.0,0.0,51.9,0.0,2.9705882352941178,75.0,South,Growth,Inside Sales,Expired,62.62,Watchlist
C00067,0.0,0.0,0.0,0.0,0.0,1.0,15.0,East,Basic,Inside Sales,Trial,59.04,Watchlist
C00069,13849.641599999997,0.0,0.0,44.19,0.0,3.0,15.0,West,,Inside Sales,Active,80.62,Healthy
C00075,43173.43,0.0,0.0,57.55,0.0,3.0,25.0,East,Pro,Website,Active,81.46,Healthy
C00079,0.0,0.0,1.0,46.73,0.0,2.9705882352941178,63.33,South,Enterprise,Website,Cancelled,39.25,High Risk
C00082,0.0,0.0,0.0,70.65,0.0,2.9705882352941178,40.0,North,Growth,Marketplace,Nan,76.06,Healthy
C00084,60876.76,0.0,0.25,29.05,0.0,2.9705882352941178,43.33,South,Basic,Marketplace,Active,58.58,Watchlist
C00091,0.0,0.0,0.0,40.2,1.0,2.0,40.0,,Enterprise,Partner,Nan,50.98,Watchlist
C00095,0.0,0.0,0.0,0.0,0.0,2.9705882352941178,75.0,,Growth,Website,Cancelled,49.65,Watchlist
C00098,10260.789,0.0,0.0,58.08,0.0,2.9705882352941178,40.0,East,Basic,,Nan,72.92,Healthy
C00101,24979.8168,0.0,0.0,58.46,0.0,5.0,0.0,,,Partner,Active,89.34,Healthy
C00103,40214.97,0.0,0.0,60.24,0.0,2.0,70.0,North,Enterprise,,Cancelled,60.99,Watchlist
C00105,0.0,0.0,0.5,46.81,0.0,2.9705882352941178,27.5,North,,,Nan,60.72,Watchlist
C00108,0.0,0.0,0.0,52.56,0.0,2.9705882352941178,40.0,,Enterprise,,Trial,71.54,Healthy
C00110,0.0,0.0,0.3333333333333333,58.82,0.0,2.9705882352941178,75.0,West,Growth,Marketplace,Cancelled,56.02,Watchlist
C00114,0.0,0.0,0.0,43.04,0.0,2.9705882352941178,40.0,Central,,Website,Trial,69.16,Watchlist
C00115,0.0,0.0,0.5,51.99,0.0,2.9705882352941178,0.0,South,,Website,Nan,68.89,Watchlist
C00119,0.0,115635.92,0.0,60.85,0.0,5.0,100.0,East,,Partner,Cancelled,64.94,Watchlist
C00122,0.0,0.0,0.0,41.36,0.0,2.9705882352941178,75.0,West,Enterprise,Marketplace,Cancelled,59.99,Watchlist
C00123,0.0,0.0,0.16666666666666666,58.77,0.0,2.9705882352941178,57.5,Central,Enterprise,Inside Sales,Nan,64.55,Watchlist
C00125,0.0,110019.95,0.0,0.0,0.0,2.9705882352941178,27.5,East,Growth,Website,Nan,61.52,Watchlist
C00128,0.0,0.0,0.0,21.1,0.0,1.0,100.0,South,,Partner,Expired,43.07,Watchlist
C00132,75862.28,0.0,0.0,0.0,0.0,2.9705882352941178,15.0,Central,Growth,Partner,Active,64.65,Watchlist
C00133,0.0,63994.39,0.0,48.42,0.0,2.9705882352941178,15.0,East,,,Nan,76.75,Healthy
C00134,0.0,0.0,0.0,43.51,0.0,2.9705882352941178,15.0,Central,Basic,,Trial,75.52,Healthy
C00136,0.0,101327.62,0.0,77.18,0.0,2.9705882352941178,40.0,West,Growth,Inside Sales,Trial,77.69,Healthy
C00138,43746.15,0.0,0.0,33.74,0.0,2.9705882352941178,40.0,,Pro,Partner,Active,66.83,Watchlist
C00140,0.0,75542.05,0.0,0.0,0.0,2.9705882352941178,85.0,North,Pro,Partner,Cancelled,47.15,Watchlist
C00141,0.0,0.0,0.0,48.27,1.0,2.0,40.0,Central,Pro,Inside Sales,Nan,52.99,Watchlist
C00143,22144.0466,0.0,0.0,63.0,0.0,4.0,25.0,East,Enterprise,Inside Sales,Active,83.63,Healthy
C00149,0.0,0.0,0.0,0.0,0.0,3.0,75.0,,Growth,Website,Expired,54.57,Watchlist
C00151,4674.8502,0.0,0.0,62.9,0.0,2.9705882352941178,15.0,South,,Marketplace,Active,80.37,Healthy
C00156,0.0,0.0,0.0,42.95,0.0,1.0,40.0,North,Enterprise,,Trial,63.53,Watchlist
C00161,75687.71,18267.39,0.0,62.03,0.0,2.0,57.5,East,Pro,Marketplace,Active,64.56,Watchlist
C00162,1203.46,0.0,0.0,42.07,0.0,3.0,40.0,North,Growth,Marketplace,Active,73.84,Healthy
C00163,0.0,0.0,0.0,34.78,0.0,2.9705882352941178,100.0,South,Pro,Website,Cancelled,52.09,Watchlist
C00166,0.0,31168.8,0.0,82.16,0.0,2.9705882352941178,75.0,Central,Enterprise,Website,Cancelled,70.19,Healthy
C00171,0.0,62408.58,0.0,83.17,0.0,2.9705882352941178,45.0,South,Pro,Partner,Cancelled,77.94,Healthy
C00172,13267.8156,90829.87,0.0,62.75,0.0,2.9705882352941178,63.75,,Enterprise,Inside Sales,Cancelled,68.15,Watchlist
C00174,1354.0592000000001,0.0,0.5,65.71,0.0,2.9705882352941178,40.0,North,Enterprise,Website,Active,62.32,Watchlist
C00176,0.0,108957.31,0.0,46.85,0.0,2.9705882352941178,100.0,West,Enterprise,,Cancelled,55.11,Watchlist
C00178,0.0,0.0,0.5,0.0,1.0,4.0,40.0,North,Pro,Inside Sales,Active,39.13,High Risk
C00179,0.0,0.0,1.0,46.96,0.0,2.9705882352941178,40.0,Central,Pro,,Active,45.14,Watchlist
C00180,0.0,0.0,0.0,50.38,0.0,2.9705882352941178,75.0,North,Enterprise,Website,Expired,62.24,Watchlist
C00181,0.0,0.0,0.0,58.68,0.0,2.9705882352941178,57.5,South,,Inside Sales,Cancelled,68.69,Watchlist
C00188,0.0,37907.96,0.0,23.11,0.0,2.9705882352941178,100.0,West,,Partner,Expired,49.17,Watchlist
C00194,0.0,25759.4,0.0,55.12,0.0,2.9705882352941178,40.0,Central,Pro,,Trial,72.18,Healthy
C00201,0.0,0.0,0.0,35.71,0.0,2.9705882352941178,40.0,West,Pro,Partner,Trial,67.32,Watchlist
C00205,0.0,0.0,0.0,49.78,0.0,2.9705882352941178,75.0,East,Growth,,Cancelled,62.09,Watchlist
C00207,0.0,0.0,1.0,71.33,0.0,4.0,100.0,East,Growth,,Cancelled,41.96,Watchlist
C00210,60497.26,0.0,0.0,49.4,0.0,2.9705882352941178,15.0,South,Pro,,Active,77.0,Healthy
C00215,30381.4,41278.57,0.0,51.78,0.0,3.0,71.67,East,Pro,,Expired,68.35,Watchlist
C00219,0.0,0.0,0.0,72.37,0.0,2.9705882352941178,100.0,,Growth,Website,Cancelled,61.49,Watchlist
C00224,0.0,0.0,0.0,67.27,0.0,2.9705882352941178,40.0,East,,Website,Nan,75.21,Healthy
C00225,77337.35,76273.0,0.0,65.42,0.0,2.9705882352941178,27.5,North,,Inside Sales,Active,77.88,Healthy
C00228,23578.03,0.0,0.0,36.84,0.0,2.0,40.0,West,Enterprise,Marketplace,Active,62.64,Watchlist
C00229,0.0,0.0,0.6666666666666666,0.0,0.0,4.0,40.0,East,,Partner,Trial,47.46,Watchlist
C00230,0.0,0.0,0.0,48.59,1.0,3.0,0.0,South,,Inside Sales,Nan,72.97,Healthy
C00234,0.0,0.0,0.0,58.09,0.0,2.9705882352941178,15.0,Central,Basic,Inside Sales,Nan,79.17,Healthy
C00235,0.0,0.0,0.0,47.21,0.0,2.9705882352941178,40.0,,Growth,Marketplace,Nan,70.2,Healthy
C00237,0.0,0.0,1.0,0.0,0.5,2.5,100.0,Central,Pro,,Cancelled,7.57,High Risk
C00238,0.0,0.0,1.0,54.34,1.0,2.9705882352941178,40.0,Central,Pro,Website,Trial,34.48,High Risk
C00241,0.0,0.0,0.0,43.09,0.0,2.9705882352941178,100.0,North,Growth,Partner,Cancelled,54.17,Watchlist
C00242,0.0,0.0,0.5,0.0,0.0,1.0,87.5,,Growth,,Expired,28.42,High Risk
C00250,0.0,58834.97,0.0,64.25,0.0,4.0,100.0,,,,Cancelled,65.19,Watchlist
C00251,0.0,0.0,0.0,48.28,0.0,2.9705882352941178,40.0,Central,Basic,,Nan,70.47,Healthy
C00253,0.0,0.0,0.0,51.48,0.0,4.0,15.0,Central,Basic,Inside Sales,Nan,83.25,Healthy
C00254,0.0,0.0,0.0,0.0,0.0,2.9705882352941178,15.0,Central,,Website,Nan,64.65,Watchlist
C00256,0.0,2174.14,0.0,36.35,0.0,2.9705882352941178,15.0,,Growth,,Nan,73.73,Healthy
C00257,0.0,20173.49,0.4,39.18,0.0,2.9705882352941178,15.0,North,Pro,Website,Nan,64.44,Watchlist
C00258,0.0,0.0,0.5,31.46,0.0,3.0,100.0,South,Enterprise,Website,Cancelled,43.69,Watchlist
C00259,0.0,36147.96,0.0,40.71,0.0,2.9705882352941178,100.0,,Pro,Marketplace,Expired,53.57,Watchlist
C00260,39646.9371,0.0,0.5,51.86,0.0,2.9705882352941178,40.0,East,,Partner,Active,58.86,Watchlist
C00264,0.0,0.0,0.0,29.48,0.0,2.9705882352941178,100.0,South,Basic,Website,Expired,50.77,Watchlist
C00266,0.0,105673.55,0.5,82.55,0.0,2.9705882352941178,40.0,South,Basic,Marketplace,Trial,66.53,Watchlist
C00269,0.0,0.0,0.0,62.35,0.0,2.9705882352941178,40.0,,Basic,Marketplace,Nan,73.98,Healthy
C00270,0.0,0.0,0.0,48.67,0.0,2.9705882352941178,40.0,Central,Pro,,Trial,70.56,Healthy
C00271,0.0,0.0,0.0,39.97,1.0,1.0,40.0,East,,Website,Nan,50.29,Watchlist
C00272,10307.5154,47571.98,0.0,33.17,0.0,2.9705882352941178,70.0,South,Pro,Inside Sales,Expired,59.19,Watchlist
C00273,0.0,0.0,0.16666666666666666,42.02,0.0,2.9705882352941178,25.0,East,Growth,Inside Sales,Nan,68.48,Watchlist
C00277,0.0,93372.51,0.0,64.57,0.0,2.9705882352941178,27.5,Central,Pro,Partner,Nan,77.66,Healthy
C00280,0.0,0.0,0.0,48.45,0.0,5.0,100.0,,Pro,,Expired,61.84,Watchlist
C00281,0.0,0.0,0.0,56.92,0.0,2.9705882352941178,40.0,,Growth,Marketplace,Trial,72.63,Healthy
C00282,0.0,0.0,0.0,64.6,0.0,2.9705882352941178,40.0,West,Basic,Partner,Trial,74.55,Healthy
C00283,4069.61,0.0,0.0,74.02,0.0,2.9705882352941178,40.0,East,Pro,,Active,76.9,Healthy
C00287,0.0,0.0,0.0,46.87,0.0,3.0,45.0,West,Basic,Inside Sales,Expired,73.79,Healthy
C00289,79806.89,19414.22,0.0,44.64,0.0,2.9705882352941178,15.0,South,Enterprise,Marketplace,Active,75.81,Healthy
C00290,10530.690799999998,0.0,0.0,44.63,0.0,2.9705882352941178,40.0,East,Enterprise,Website,Trial,69.55,Watchlist
C00291,77774.81,0.0,0.0,63.55,0.0,2.9705882352941178,40.0,East,Growth,Marketplace,Active,74.28,Healthy
C00292,0.0,0.0,0.16666666666666666,35.16,0.0,2.9705882352941178,0.0,North,Pro,Website,Nan,73.02,Healthy
C00294,0.0,0.0,0.0,33.75,0.0,2.9705882352941178,40.0,East,Basic,,Trial,66.83,Watchlist
C00296,0.0,0.0,0.0,48.0,0.0,2.9705882352941178,40.0,Central,Basic,Website,Trial,70.4,Healthy
C00304,0.0,16187.73,0.0,0.0,0.0,2.9705882352941178,60.0,,Basic,Partner,Cancelled,53.4,Watchlist
C00307,0.0,43728.31,0.0,53.97,0.0,2.9705882352941178,40.0,North,Pro,Partner,Trial,71.89,Healthy
C00310,0.0,0.0,0.5,75.18,0.0,2.9705882352941178,40.0,West,Enterprise,Website,Trial,64.69,Watchlist
C00314,0.0,0.0,0.0,36.8,0.0,2.9705882352941178,75.0,North,Basic,Partner,Expired,58.85,Watchlist
C00315,0.0,0.0,0.0,64.32,0.0,2.9705882352941178,100.0,North,Enterprise,Marketplace,Expired,59.48,Watchlist
C00320,0.0,0.0,0.0,29.35,0.0,2.9705882352941178,85.0,South,Enterprise,Inside Sales,Expired,54.48,Watchlist
C00321,60887.1674,42359.19,0.0,49.45,0.0,2.9705882352941178,60.0,East,Basic,Marketplace,Active,65.76,Watchlist
C00323,0.0,0.0,0.0,0.0,0.0,2.0,0.0,South,Growth,Marketplace,Trial,63.43,Watchlist
C00326,0.0,0.0,0.0,63.9,0.0,2.9705882352941178,85.0,South,Basic,Partner,Cancelled,63.12,Watchlist
C00327,0.0,0.0,0.0,68.19,0.0,2.9705882352941178,15.0,East,Enterprise,Marketplace,Trial,81.69,Healthy
C00328,0.0,0.0,1.0,0.0,0.0,2.9705882352941178,87.5,,Enterprise,Inside Sales,Expired,21.52,High Risk
C00329,0.0,0.0,0.0,38.21,0.0,2.9705882352941178,15.0,Central,Basic,Partner,Nan,74.2,Healthy
C00330,19772.619000000002,0.0,1.0,0.0,0.0,3.0,40.0,,,Inside Sales,Active,38.32,High Risk
C00331,0.0,56486.56,0.0,0.0,0.0,2.9705882352941178,57.5,,,Marketplace,Cancelled,54.02,Watchlist
C00332,0.0,0.0,0.0,53.78,0.0,2.9705882352941178,57.5,East,Growth,Website,Cancelled,67.47,Watchlist
C00333,3836.7,0.0,0.0,50.06,0.0,2.9705882352941178,40.0,,Basic,Website,Active,70.91,Healthy
C00336,0.0,0.0,0.0,55.37,0.0,3.0,100.0,Central,Growth,Inside Sales,Cancelled,62.16,Watchlist
C00337,0.0,0.0,0.0,36.17,0.0,2.9705882352941178,40.0,,Pro,Partner,Nan,67.44,Watchlist
C00338,0.0,0.0,0.0,66.96,0.0,2.9705882352941178,25.0,,Enterprise,Website,Trial,78.89,Healthy
C00339,0.0,72142.2,0.0,83.19,0.0,2.9705882352941178,15.0,,,Inside Sales,Active,85.44,Healthy
C00340,0.0,0.0,0.0,62.3,0.0,2.9705882352941178,40.0,South,Basic,Inside Sales,Nan,73.97,Healthy
C00346,0.0,0.0,0.0,45.0,0.0,2.9705882352941178,75.0,North,Pro,Partner,Expired,60.9,Watchlist
C00352,0.0,0.0,0.0,71.6,0.0,2.9705882352941178,15.0,West,Enterprise,Website,Active,82.55,Healthy
C00356,0.0,34246.03,0.3333333333333333,59.92,0.0,2.9705882352941178,70.0,North,Enterprise,Inside Sales,Cancelled,57.54,Watchlist
C00357,0.0,24291.95,0.0,41.57,0.0,2.9705882352941178,40.0,West,Enterprise,Inside Sales,Nan,68.79,Watchlist
C00359,0.0,0.0,0.0,38.13,0.0,2.9705882352941178,15.0,Central,Growth,Website,Trial,74.18,Healthy
C00364,0.0,0.0,0.0,68.99,0.0,2.9705882352941178,40.0,East,Pro,,Trial,75.64,Healthy
C00366,0.0,0.0,0.5,30.45,0.0,2.0,100.0,North,Growth,Partner,Expired,33.54,High Risk
C00369,0.0,0.0,0.0,0.0,0.0,2.9705882352941178,40.0,West,,,Nan,58.4,Watchlist
C00379,0.0,0.0,0.0,0.0,0.0,3.0,100.0,Central,Growth,,Cancelled,48.32,Watchlist
C00382,0.0,0.0,0.0,49.05,0.0,2.9705882352941178,40.0,,Pro,,Active,70.66,Healthy
C00383,0.0,0.0,0.0,63.2,0.0,2.9705882352941178,15.0,Central,Pro,Website,Nan,80.45,Healthy
C00384,445.7820000000001,0.0,0.0,50.59,0.0,2.9705882352941178,40.0,West,Enterprise,Marketplace,Active,71.04,Healthy
C00385,0.0,0.0,1.0,0.0,0.0,2.9705882352941178,87.5,,Enterprise,Website,Expired,21.52,High Risk
C00391,70197.469,59506.6,0.0,50.1,0.0,2.0,40.0,,Growth,,Active,65.95,Watchlist
C00392,0.0,0.0,0.0,57.35,0.0,2.9705882352941178,15.0,North,Pro,Inside Sales,Trial,78.98,Healthy
C00393,35698.74,0.0,0.5,22.46,0.0,1.0,25.0,West,Growth,Website,Active,49.66,Watchlist
C00397,0.0,0.0,1.0,39.94,0.0,2.9705882352941178,100.0,West,Pro,Marketplace,Expired,28.38,High Risk
C00398,0.0,0.0,0.0,44.53,0.0,2.9705882352941178,100.0,South,,Partner,Cancelled,54.53,Watchlist
C00400,0.0,0.0,0.0,71.77,0.0,2.9705882352941178,25.0,North,Pro,Website,Trial,80.09,Healthy
C00407,0.0,0.0,0.0,25.66,0.0,2.9705882352941178,70.0,South,Basic,Partner,Nan,57.31,Watchlist
C00408,0.0,0.0,0.0,65.77,0.0,2.9705882352941178,60.0,,Growth,,Cancelled,69.84,Watchlist
C00413,0.0,0.0,0.0,59.43,0.0,2.9705882352941178,57.5,,Basic,Website,Cancelled,68.88,Watchlist
C00414,0.0,0.0,0.0,49.93,1.0,3.0,100.0,Central,Basic,,Cancelled,48.3,Watchlist
C00417,0.0,0.0,0.0,31.26,0.0,2.9705882352941178,100.0,Central,Growth,Website,Cancelled,51.21,Watchlist
C00418,85816.4468,115525.02,0.0,29.71,0.0,2.0,55.0,East,Pro,,Trial,57.1,Watchlist
C00421,0.0,0.0,0.0,58.22,0.0,2.9705882352941178,27.5,West,Basic,Website,Trial,76.08,Healthy
C00422,0.0,0.0,1.0,62.09,0.0,2.9705882352941178,57.5,South,Basic,Website,Nan,44.54,Watchlist
C00424,0.0,0.0,0.0,40.87,0.0,2.9705882352941178,40.0,South,Pro,Inside Sales,Nan,68.61,Watchlist
C00426,0.0,0.0,0.3333333333333333,55.1,0.0,2.9705882352941178,40.0,South,Pro,,Nan,63.84,Watchlist
C00431,0.0,0.0,0.0,60.03,0.0,2.9705882352941178,15.0,South,Enterprise,,Nan,79.65,Healthy
C00433,0.0,0.0,0.0,42.71,0.0,4.0,100.0,East,Pro,,Cancelled,59.8,Watchlist
C00434,0.0,88583.68,0.0,34.5,0.0,2.9705882352941178,40.0,Central,,Inside Sales,Trial,67.02,Watchlist
C00435,0.0,0.0,0.0,79.98,0.0,2.9705882352941178,40.0,,Enterprise,Partner,Trial,78.39,Healthy
C00437,57426.02,0.0,0.0,36.52,0.0,2.9705882352941178,25.0,Central,,Marketplace,Active,71.28,Healthy
C00439,0.0,0.0,0.5,37.72,0.0,2.9705882352941178,40.0,East,Basic,Website,Trial,55.33,Watchlist
C00440,0.0,0.0,0.0,30.01,0.0,2.9705882352941178,15.0,North,Pro,Inside Sales,Trial,72.15,Healthy
C00442,52925.32,0.0,0.0,65.38,0.0,2.9705882352941178,57.5,West,Basic,Partner,Active,70.37,Healthy
C00443,67363.82,68084.495,0.3333333333333333,0.0,0.0,1.0,31.67,,,Partner,Nan,46.54,Watchlist
C00445,12857.8301,0.0,0.0,34.56,0.0,2.9705882352941178,25.0,North,Enterprise,Inside Sales,Active,70.79,Healthy
C00448,50973.7616,0.0,0.0,40.06,0.0,2.0,40.0,,Pro,Inside Sales,Active,63.44,Watchlist
C00453,0.0,0.0,0.0,59.05,0.0,2.9705882352941178,15.0,West,Pro,Partner,Trial,79.41,Healthy
C00456,0.0,0.0,0.0,58.72,0.0,2.9705882352941178,100.0,,Basic,Inside Sales,Cancelled,58.08,Watchlist
C00457,0.0,0.0,0.0,44.53,1.0,2.9705882352941178,40.0,East,,Marketplace,Nan,57.03,Watchlist
C00462,0.0,0.0,0.0,46.36,0.0,3.5,85.0,North,Pro,,Expired,64.13,Watchlist
C00463,0.0,0.0,0.0,43.68,0.0,5.0,75.0,East,Enterprise,Partner,Expired,66.89,Watchlist
C00465,0.0,0.0,0.0,0.0,0.0,2.9705882352941178,100.0,East,Pro,,Cancelled,43.4,Watchlist
C00466,0.0,0.0,0.0,43.4,0.0,2.9705882352941178,100.0,South,,,Cancelled,54.25,Watchlist
C00467,37457.0998,12854.884999999998,0.0,53.56,0.0,2.9705882352941178,40.0,West,Enterprise,Website,Active,71.79,Healthy
C00468,0.0,0.0,0.0,64.97,0.0,2.9705882352941178,40.0,Central,Growth,Website,Nan,74.64,Healthy
C00470,0.0,39260.91,0.0,48.52,0.0,1.0,100.0,South,Enterprise,Website,Expired,49.92,Watchlist
C00471,0.0,0.0,0.0,62.93,0.0,2.9705882352941178,100.0,South,Enterprise,Website,Expired,59.13,Watchlist
C00472,1674.28,42294.12,0.5,60.65,0.0,2.9705882352941178,15.0,Central,Growth,,Active,67.31,Watchlist
C00477,0.0,36860.63,0.0,49.29,0.0,2.0,15.0,,Enterprise,Partner,Nan,72.0,Healthy
C00478,31946.4328,0.0,1.0,42.26,0.0,2.9705882352941178,45.0,West,Basic,,Active,42.71,Watchlist
C00481,0.0,49290.775,0.0,56.44,0.0,2.9705882352941178,70.0,Central,Growth,Marketplace,Trial,65.01,Watchlist
C00483,4010.184,0.0,0.0,54.33,0.0,2.9705882352941178,15.0,West,Basic,Inside Sales,Active,78.23,Healthy
C00484,0.0,0.0,0.0,0.0,1.0,4.0,100.0,Central,Basic,Partner,Expired,36.63,High Risk
C00485,0.0,0.0,0.0,51.51,0.0,2.9705882352941178,100.0,Central,Enterprise,Marketplace,Cancelled,56.27,Watchlist
C00486,0.0,0.0,0.0,27.66,0.0,2.9705882352941178,100.0,North,Enterprise,Website,Cancelled,50.31,Watchlist
C00492,0.0,0.0,0.0,39.71,0.0,2.5,15.0,Central,Pro,Inside Sales,Nan,70.0,Watchlist
C00493,0.0,99591.8,0.0,37.61,1.0,1.0,15.0,,Enterprise,Marketplace,Nan,55.95,Watchlist
C00498,0.0,9555.62,0.0,0.0,0.0,2.9705882352941178,100.0,South,,,Cancelled,43.4,Watchlist
C00506,0.0,0.0,0.0,0.0,0.0,2.9705882352941178,25.0,South,Enterprise,Inside Sales,Nan,62.15,Watchlist
C00507,0.0,97385.13,0.0,54.64,0.0,4.0,40.0,North,Growth,Marketplace,Trial,77.79,Healthy
C00509,0.0,0.0,0.0,49.43,0.0,2.9705882352941178,75.0,,Enterprise,Website,Cancelled,62.0,Watchlist
C00510,0.0,0.0,0.0,0.0,0.0,3.5,40.0,,Pro,,Nan,63.79,Watchlist
C00513,0.0,0.0,0.0,57.15,0.0,2.0,75.0,West,Growth,Inside Sales,Expired,58.96,Watchlist
C00516,0.0,0.0,0.0,50.11,0.0,2.9705882352941178,100.0,South,Basic,Inside Sales,Cancelled,55.92,Watchlist
C00521,0.0,5574.26,0.0,39.43,0.0,2.9705882352941178,100.0,South,Basic,,Cancelled,53.25,Watchlist
C00525,0.0,54295.46,0.2,0.0,0.0,2.9705882352941178,63.33,South,Growth,,Active,47.56,Watchlist
C00528,63498.06,0.0,0.0,49.35,0.0,2.9705882352941178,40.0,North,Basic,,Active,70.73,Healthy
C00529,24477.4748,0.0,0.0,0.0,0.0,2.9705882352941178,0.0,,,,Active,68.4,Watchlist
C00530,0.0,21891.98,0.0,81.7,0.0,2.9705882352941178,0.0,North,Pro,Partner,Trial,88.82,Healthy
C00532,0.0,48036.25,0.0,34.03,0.0,2.9705882352941178,25.0,East,Basic,Website,Trial,70.65,Healthy
C00533,0.0,0.0,0.0,48.89,0.0,2.9705882352941178,15.0,West,Growth,Marketplace,Nan,76.87,Healthy
C00534,0.0,102130.98,0.0,45.75,0.0,4.0,40.0,West,Enterprise,,Trial,75.56,Healthy
C00535,6232.2489000000005,0.0,0.0,60.71,0.0,2.9705882352941178,31.67,North,,Inside Sales,Trial,75.66,Healthy
C00538,0.0,0.0,0.0,0.0,0.0,2.9705882352941178,40.0,South,Pro,,Nan,58.4,Watchlist
C00539,43759.604,0.0,0.0,66.45,0.0,2.9705882352941178,40.0,East,,Inside Sales,Active,75.01,Healthy
C00544,0.0,0.0,1.0,14.69,0.0,2.9705882352941178,100.0,South,,Inside Sales,Expired,22.07,High Risk
C00547,0.0,0.0,0.0,44.75,0.0,2.9705882352941178,75.0,East,Enterprise,Marketplace,Cancelled,60.83,Watchlist
C00549,0.0,0.0,0.0,62.23,0.0,3.0,40.0,,Pro,Marketplace,Trial,78.88,Healthy
C00550,0.0,0.0,0.5,54.11,0.0,3.0,40.0,East,Pro,Inside Sales,Nan,64.35,Watchlist
C00553,0.0,0.0,0.0,55.33,0.0,2.9705882352941178,100.0,,Enterprise,Marketplace,Cancelled,57.23,Watchlist
C00555,0.0,0.0,0.0,46.95,0.0,2.9705882352941178,75.0,South,Enterprise,Website,Cancelled,61.38,Watchlist
C00560,0.0,0.0,0.0,43.57,0.0,2.9705882352941178,100.0,West,,Inside Sales,Cancelled,54.29,Watchlist
C00561,0.0,0.0,0.3333333333333333,60.64,0.0,4.0,40.0,Central,Enterprise,Website,Trial,70.95,Healthy
C00566,0.0,0.0,0.0,0.0,0.0,2.9705882352941178,75.0,,Enterprise,,Cancelled,49.65,Watchlist
C00568,0.0,0.0,1.0,42.51,0.0,2.9705882352941178,75.0,,Pro,,Expired,35.27,High Risk
C00571,19702.9792,0.0,0.0,0.0,0.0,2.9705882352941178,40.0,East,Pro,,Active,58.4,Watchlist
C00572,0.0,0.0,0.0,67.44,0.0,2.9705882352941178,40.0,West,Basic,Marketplace,Nan,75.26,Healthy
C00573,0.0,0.0,0.0,57.35,0.0,2.9705882352941178,40.0,North,Basic,Marketplace,Trial,72.73,Healthy
C00576,0.0,0.0,0.5,37.39,0.0,2.9705882352941178,100.0,South,Enterprise,Marketplace,Expired,40.24,Watchlist
C00579,0.0,0.0,0.0,57.97,0.0,2.9705882352941178,40.0,West,Enterprise,,Nan,72.89,Healthy
C00580,0.0,0.0,0.5,44.67,0.0,2.9705882352941178,0.0,North,,Partner,Nan,67.06,Watchlist
C00581,75690.0,13098.23,0.3333333333333333,35.07,0.0,2.9705882352941178,23.33,South,Enterprise,Marketplace,Nan,63.0,Watchlist
C00585,0.0,25373.79,0.0,40.28,0.0,2.9705882352941178,100.0,South,Basic,Website,Expired,53.47,Watchlist
C00586,0.0,0.0,1.0,61.03,1.0,3.0,40.0,West,Basic,Marketplace,Trial,41.08,Watchlist
C00589,0.0,46864.06,0.0,45.29,0.0,2.9705882352941178,40.0,North,Basic,Partner,Nan,69.72,Watchlist
C00590,37113.89,0.0,0.0,38.56,0.0,4.0,40.0,North,Growth,,Active,73.77,Healthy
C00593,0.0,0.0,0.0,59.32,0.0,2.9705882352941178,100.0,,,Inside Sales,Expired,58.23,Watchlist
C00594,25029.0873,0.0,0.5,67.82,1.0,2.0,25.0,North,Basic,Website,Active,49.13,Watchlist
C00597,0.0,0.0,0.0,42.57,0.0,2.9705882352941178,100.0,,,Partner,Cancelled,54.04,Watchlist
C00600,0.0,25318.49,0.0,45.55,0.0,2.9705882352941178,100.0,North,Growth,Marketplace,Cancelled,54.78,Watchlist
C00601,0.0,0.0,0.0,43.61,0.0,4.0,15.0,West,Growth,,Nan,81.28,Healthy
C00603,0.0,0.0,0.5,0.0,0.0,2.9705882352941178,57.5,West,Enterprise,Website,Trial,41.52,Watchlist
C00604,0.0,0.0,0.0,24.2,0.0,2.9705882352941178,75.0,Central,Growth,Website,Expired,55.7,Watchlist
C00613,11641.66,0.0,0.0,48.09,0.0,2.9705882352941178,40.0,West,Pro,Inside Sales,Active,70.42,Healthy
C00621,79488.12,0.0,0.0,33.54,0.0,2.9705882352941178,15.0,,,Marketplace,Active,73.03,Healthy
C00625,0.0,0.0,0.0,67.06,0.0,3.0,40.0,,Basic,Website,Active,80.09,Healthy
C00631,0.0,0.0,0.0,0.0,0.0,1.0,100.0,North,,Partner,Cancelled,37.79,High Risk
C00633,0.0,0.0,0.0,19.61,0.0,2.0,100.0,West,Basic,Website,Expired,43.33,Watchlist
C00635,0.0,0.0,0.0,38.27,0.0,2.9705882352941178,70.0,West,Growth,Marketplace,Cancelled,60.46,Watchlist
C00639,10740.28,0.0,1.0,74.41,0.0,2.9705882352941178,40.0,West,Pro,,Active,52.0,Watchlist
C00641,0.0,0.0,0.0,35.68,0.0,5.0,100.0,North,Growth,Partner,Cancelled,58.64,Watchlist
C00642,0.0,0.0,0.0,44.52,0.0,2.9705882352941178,100.0,East,Pro,Website,Expired,54.53,Watchlist
C00644,0.0,0.0,0.0,54.95,0.0,2.9705882352941178,15.0,East,Pro,Partner,Nan,78.38,Healthy
C00649,46345.6308,66229.95,0.0,41.3,0.0,2.9705882352941178,40.0,East,Pro,Website,Active,68.72,Watchlist
C00650,0.0,0.0,0.0,48.38,0.0,2.9705882352941178,75.0,East,Pro,Inside Sales,Cancelled,61.74,Watchlist
C00652,18958.95,0.0,0.5,65.15,0.0,2.9705882352941178,40.0,South,Pro,Marketplace,Active,62.18,Watchlist
C00659,0.0,0.0,0.0,36.43,0.0,2.9705882352941178,75.0,,Basic,Marketplace,Cancelled,58.75,Watchlist
C00660,0.0,0.0,0.0,44.46,0.5,4.0,100.0,Central,,Marketplace,Expired,53.99,Watchlist
C00669,0.0,0.0,0.0,57.93,0.0,2.9705882352941178,100.0,South,Pro,Website,Cancelled,57.88,Watchlist
C00671,0.0,105389.57,0.0,55.53,0.0,2.9705882352941178,40.0,East,,Marketplace,Trial,72.28,Healthy
C00675,0.0,117529.78,0.0,60.71,0.5,2.9705882352941178,70.0,West,Enterprise,Inside Sales,Expired,59.82,Watchlist
C00679,0.0,0.0,0.0,64.62,0.0,2.9705882352941178,100.0,East,Enterprise,Website,Cancelled,59.55,Watchlist
C00680,0.0,0.0,0.0,0.0,0.0,2.9705882352941178,27.5,,Basic,Inside Sales,Trial,61.52,Watchlist
C00681,0.0,31488.06,0.6666666666666666,75.88,0.0,2.9705882352941178,100.0,North,,Marketplace,Cancelled,45.7,Watchlist
C00684,0.0,0.0,0.0,42.93,0.0,2.9705882352941178,0.0,,Pro,Partner,Trial,79.13,Healthy
C00686,0.0,39113.21,0.0,36.71,0.0,3.0,15.0,,Enterprise,,Nan,78.75,Healthy
C00688,0.0,0.0,0.5,42.72,0.0,2.9705882352941178,100.0,Central,Basic,Marketplace,Expired,41.58,Watchlist
C00690,0.0,117918.65,0.0,0.0,0.0,2.9705882352941178,75.0,East,Pro,Partner,Cancelled,49.65,Watchlist
C00691,0.0,0.0,0.5,0.0,0.0,2.9705882352941178,75.0,East,Enterprise,,Cancelled,37.15,High Risk
C00694,0.0,0.0,0.0,40.08,0.0,2.9705882352941178,85.0,Central,Growth,Marketplace,Cancelled,57.17,Watchlist
C00695,0.0,0.0,0.0,43.72,0.0,2.9705882352941178,15.0,Central,Growth,,Nan,75.58,Healthy
C00697,0.0,0.0,1.0,41.92,0.0,2.9705882352941178,85.0,North,Pro,Website,Cancelled,32.63,High Risk
C00699,0.0,0.0,0.0,44.56,0.0,3.0,100.0,East,Basic,,Cancelled,59.46,Watchlist
C00703,0.0,0.0,0.0,0.0,1.0,2.9705882352941178,87.5,South,,,Expired,34.02,High Risk
C00704,42093.34,0.0,1.0,56.78,0.0,2.9705882352941178,25.0,West,Pro,Marketplace,Active,51.34,Watchlist
C00706,0.0,0.0,0.0,60.02,0.0,2.9705882352941178,100.0,North,Pro,Inside Sales,Cancelled,58.4,Watchlist
C00707,22113.645699999997,0.0,0.5,45.56,0.0,2.9705882352941178,27.5,East,Pro,,Trial,60.41,Watchlist
C00708,0.0,0.0,0.0,58.22,0.0,2.9705882352941178,75.0,West,Growth,Website,Expired,64.2,Watchlist
C00711,0.0,0.0,1.0,59.99,0.0,3.0,40.0,,Growth,Website,Nan,53.32,Watchlist
C00714,0.0,0.0,0.0,71.17,0.0,2.9705882352941178,75.0,,Pro,Partner,Cancelled,67.44,Watchlist
C00716,0.0,0.0,0.0,0.0,0.0,2.9705882352941178,57.5,,Pro,Partner,Cancelled,54.02,Watchlist
C00719,0.0,0.0,0.0,64.25,0.0,2.9705882352941178,75.0,Central,Basic,,Cancelled,65.71,Watchlist
C00722,0.0,0.0,0.0,62.08,0.0,3.0,25.0,West,Basic,Inside Sales,Trial,82.59,Healthy
C00723,0.0,0.0,0.0,50.61,0.0,4.0,57.5,South,Growth,,Nan,72.4,Healthy
C00727,0.0,0.0,0.0,0.0,0.0,2.9705882352941178,100.0,West,Pro,Partner,Expired,43.4,Watchlist
C00733,0.0,0.0,0.0,0.0,0.0,2.9705882352941178,40.0,East,Basic,,Nan,58.4,Watchlist
C00736,74076.01,24259.03,0.25,40.78,0.0,2.9705882352941178,25.0,Central,Enterprise,Website,Nan,66.09,Watchlist
C00737,0.0,0.0,1.0,51.11,0.0,2.0,25.0,North,Pro,Website,Trial,44.95,Watchlist
C00738,0.0,0.0,0.0,0.0,0.0,2.9705882352941178,100.0,South,Basic,Inside Sales,Expired,43.4,Watchlist
C00743,9177.244999999999,0.0,0.0,60.07,0.0,2.9705882352941178,15.0,East,,Website,Active,79.66,Healthy
C00745,0.0,0.0,0.25,0.0,0.0,2.6666666666666665,40.0,West,Basic,Partner,Nan,47.64,Watchlist
C00747,0.0,73217.22,0.3333333333333333,0.0,0.0,2.0,40.0,,Enterprise,Marketplace,Nan,45.09,Watchlist
C00748,19898.1034,1679.91,0.0,0.0,0.0,2.9705882352941178,42.5,East,Pro,Website,Cancelled,57.77,Watchlist
C00750,0.0,0.0,1.0,35.22,0.0,2.9705882352941178,15.0,East,Basic,Partner,Nan,48.45,Watchlist
C00754,0.0,0.0,0.0,50.22,0.0,2.9705882352941178,100.0,North,Pro,Marketplace,Cancelled,55.95,Watchlist
C00756,0.0,0.0,1.0,44.4,0.0,2.9705882352941178,15.0,,Pro,,Trial,50.75,Watchlist
C00757,0.0,0.0,0.0,44.21,0.0,2.9705882352941178,60.0,North,Pro,Marketplace,Cancelled,64.45,Watchlist
C00758,0.0,0.0,0.0,44.96,0.0,1.0,100.0,East,Enterprise,Marketplace,Expired,49.03,Watchlist
C00763,0.0,0.0,1.0,26.01,0.0,3.0,100.0,,,Partner,Cancelled,29.82,High Risk
C00764,0.0,0.0,0.0,44.72,0.0,2.9705882352941178,100.0,East,Growth,Inside Sales,Cancelled,54.58,Watchlist
C00765,0.0,0.0,0.5,0.0,0.0,1.0,57.5,Central,,Partner,Trial,35.92,High Risk
C00766,0.0,0.0,0.0,0.0,0.0,2.9705882352941178,60.0,South,Pro,Inside Sales,Cancelled,53.4,Watchlist
C00768,0.0,86349.71,0.0,52.2,1.0,2.9705882352941178,40.0,,Growth,Website,Nan,58.95,Watchlist
C00771,0.0,65228.635,0.25,60.62,0.0,2.9705882352941178,25.0,West,Enterprise,Partner,Nan,71.05,Healthy
C00773,0.0,0.0,0.0,48.74,0.0,2.9705882352941178,100.0,West,,Website,Expired,55.58,Watchlist
C00775,0.0,0.0,0.6666666666666666,12.15,0.0,2.9705882352941178,70.0,South,,Partner,Cancelled,37.27,High Risk
C00777,8731.01,0.0,0.0,55.89,0.0,4.0,25.0,South,Enterprise,Inside Sales,Active,81.85,Healthy
C00780,68528.63,0.0,0.0,55.19,0.0,2.9705882352941178,27.5,East,,Marketplace,Active,75.32,Healthy
C00781,0.0,0.0,0.0,38.44,0.0,2.9705882352941178,40.0,North,,,Trial,68.01,Watchlist
C00786,0.0,0.0,0.5,40.08,0.0,2.9705882352941178,70.0,,Pro,Website,Expired,48.42,Watchlist
C00792,0.0,16208.8,0.0,0.0,0.0,5.0,40.0,South,,Partner,Trial,64.72,Watchlist
C00793,3322.67,0.0,0.0,0.0,0.0,1.0,25.0,North,Enterprise,Marketplace,Active,56.54,Watchlist
C00794,0.0,0.0,0.0,69.96,0.0,2.9705882352941178,85.0,,Growth,Inside Sales,Expired,64.64,Watchlist
C00795,441.51820000000004,0.0,0.0,56.62,0.0,2.9705882352941178,25.0,South,Basic,,Active,76.3,Healthy
C00797,0.0,0.0,0.0,0.0,0.0,3.0,40.0,South,,Website,Nan,63.32,Watchlist
C00800,0.0,0.0,0.0,65.92,0.0,2.9705882352941178,75.0,South,Pro,,Expired,66.13,Watchlist
C00803,0.0,0.0,0.0,60.53,0.0,2.9705882352941178,60.0,North,Growth,Inside Sales,Expired,68.53,Watchlist
C00804,57566.72,0.0,0.0,0.0,0.0,2.9705882352941178,15.0,North,Pro,Partner,Active,64.65,Watchlist
C00806,0.0,0.0,0.0,35.12,0.0,2.9705882352941178,85.0,West,Pro,,Expired,55.93,Watchlist
C00809,18700.04,0.0,0.0,55.93,1.0,1.0,40.0,Central,Growth,,Active,54.28,Watchlist
C00810,19609.2411,0.0,0.0,0.0,0.0,2.9705882352941178,40.0,West,Growth,,Active,58.4,Watchlist
C00812,0.0,92743.05,0.5,70.88,0.0,2.9705882352941178,75.0,West,Enterprise,Partner,Expired,54.87,Watchlist
C00817,34447.75,0.0,0.0,52.5,0.0,2.9705882352941178,15.0,East,Basic,Inside Sales,Active,77.77,Healthy
C00818,0.0,0.0,0.0,25.71,0.0,3.0,85.0,North,Basic,,Expired,58.5,Watchlist
C00822,0.0,0.0,0.0,37.07,0.5,2.0,15.0,West,Pro,,Nan,62.69,Watchlist
C00823,0.0,0.0,1.0,0.0,0.0,2.9705882352941178,0.0,West,Enterprise,Website,Trial,43.4,Watchlist
C00825,31370.597999999998,0.0,0.0,46.37,0.0,2.9705882352941178,15.0,West,Pro,Website,Active,76.24,Healthy
C00830,0.0,0.0,0.0,64.72,0.0,2.9705882352941178,40.0,East,Basic,Partner,Nan,74.58,Healthy
C00833,0.0,0.0,0.0,50.54,0.0,2.9705882352941178,15.0,East,Basic,Partner,Nan,77.28,Healthy
C00834,0.0,0.0,0.5,54.37,0.0,3.0,100.0,Central,Growth,Marketplace,Expired,49.41,Watchlist
C00835,32053.4683,0.0,0.0,0.0,0.0,5.0,40.0,,Pro,Website,Active,64.72,Watchlist
C00837,0.0,0.0,1.0,41.97,1.0,2.9705882352941178,15.0,South,Growth,Partner,Trial,37.64,High Risk
C00844,0.0,0.0,0.0,47.26,0.0,2.9705882352941178,100.0,East,,Partner,Cancelled,55.21,Watchlist
C00846,0.0,0.0,0.6666666666666666,64.86,0.0,2.9705882352941178,57.5,,,Inside Sales,Expired,53.57,Watchlist
C00849,22116.043399999995,23538.71,0.0,54.54,0.5,2.5,40.0,West,Basic,Website,Active,61.21,Watchlist
C00853,0.0,0.0,0.0,53.33,0.0,4.0,60.0,North,,Partner,Expired,72.46,Healthy
C00859,0.0,0.0,0.0,70.34,0.0,2.9705882352941178,75.0,Central,Growth,Marketplace,Expired,67.23,Watchlist
C00860,0.0,0.0,0.0,64.94,0.0,5.0,100.0,,Growth,Website,Cancelled,65.96,Watchlist
C00864,0.0,0.0,0.0,20.93,1.0,2.0,40.0,,Enterprise,Marketplace,Nan,46.16,Watchlist
C00866,0.0,0.0,0.0,49.59,0.0,2.9705882352941178,100.0,East,Growth,Inside Sales,Cancelled,55.79,Watchlist
C00869,0.0,0.0,0.0,59.4,0.0,5.0,40.0,West,Growth,Partner,Nan,79.57,Healthy
C00871,0.0,44629.84,0.0,44.02,0.0,2.9705882352941178,27.5,Central,,Partner,Nan,72.53,Healthy
C00873,37574.98,0.0,0.2,49.21,0.0,2.9705882352941178,57.5,South,Basic,Partner,Active,61.32,Watchlist
C00879,35586.0876,0.0,1.0,56.55,0.0,2.9705882352941178,15.0,North,Enterprise,Website,Active,53.78,Watchlist
C00884,0.0,0.0,0.0,44.93,0.0,2.9705882352941178,100.0,East,Pro,Partner,Expired,54.63,Watchlist
C00887,0.0,0.0,0.3333333333333333,65.73,0.0,2.9705882352941178,87.5,Central,Basic,,Expired,54.62,Watchlist
C00890,0.0,63379.5,0.0,84.36,0.0,2.9705882352941178,60.0,,,Marketplace,Trial,74.49,Healthy
C00893,0.0,0.0,0.0,44.71,0.0,2.9705882352941178,100.0,,Enterprise,Marketplace,Expired,54.57,Watchlist
C00894,13896.673599999998,0.0,0.0,60.86,0.0,2.9705882352941178,45.0,,Pro,Marketplace,Cancelled,72.36,Healthy
C00899,27791.25,0.0,0.0,37.22,1.0,2.0,15.0,Central,Basic,Inside Sales,Active,56.48,Watchlist
C00901,0.0,0.0,0.0,0.0,0.0,2.9705882352941178,100.0,South,Basic,Marketplace,Expired,43.4,Watchlist
C00902,0.0,0.0,0.0,0.0,0.0,2.9705882352941178,85.0,South,,Website,Expired,47.15,Watchlist
C00904,0.0,0.0,0.5,84.54,0.0,2.9705882352941178,40.0,Central,,Website,Nan,67.03,Watchlist
C00910,0.0,0.0,0.0,55.11,0.0,2.9705882352941178,100.0,South,Basic,Inside Sales,Cancelled,57.17,Watchlist
C00911,0.0,0.0,0.0,0.0,0.0,2.9705882352941178,100.0,East,Basic,Partner,Cancelled,43.4,Watchlist
C00912,36106.3755,0.0,0.0,48.44,0.0,4.0,15.0,West,,Marketplace,Active,82.49,Healthy
C00914,0.0,0.0,0.0,60.24,0.0,2.9705882352941178,100.0,East,Basic,Inside Sales,Cancelled,58.46,Watchlist
C00915,17513.02,0.0,0.0,66.15,0.0,2.9705882352941178,27.5,North,,Marketplace,Active,78.06,Healthy
C00916,52896.19,0.0,0.0,57.25,0.0,2.9705882352941178,40.0,Central,Basic,Marketplace,Active,72.71,Healthy
C00917,0.0,0.0,0.25,78.21,0.0,2.9705882352941178,100.0,North,Basic,Marketplace,Cancelled,56.7,Watchlist
C00918,0.0,0.0,1.0,57.4,0.0,2.9705882352941178,75.0,,,Inside Sales,Cancelled,39.0,High Risk
C00921,21991.932,0.0,0.0,67.62,0.0,4.0,40.0,West,Enterprise,,Active,81.03,Healthy
C00922,0.0,0.0,0.0,31.85,0.5,1.0,100.0,Central,,Inside Sales,Expired,39.51,High Risk
C00925,0.0,119100.16,0.5,69.91,1.0,3.0,100.0,Central,Growth,Inside Sales,Expired,40.8,Watchlist
C00927,65050.99,0.0,0.0,55.61,0.0,2.9705882352941178,40.0,West,Pro,Marketplace,Active,72.3,Healthy
C00935,1676.142,0.0,0.0,51.86,0.0,2.9705882352941178,0.0,,Growth,Website,Active,81.36,Healthy
C00937,0.0,0.0,0.5,69.06,0.0,2.9705882352941178,75.0,Central,Growth,,Expired,54.41,Watchlist
C00943,0.0,14334.93,0.0,32.87,0.0,2.9705882352941178,40.0,North,Growth,,Trial,66.61,Watchlist
C00945,0.0,0.0,0.5,0.0,0.0,2.9705882352941178,15.0,North,,Inside Sales,Nan,52.15,Watchlist
C00946,0.0,0.0,0.0,50.89,0.5,4.0,100.0,North,Basic,Inside Sales,Expired,55.6,Watchlist
C00952,0.0,12286.58,0.2,0.0,0.0,5.0,71.67,,Enterprise,Inside Sales,Expired,51.81,Watchlist
C00955,0.0,0.0,0.0,48.95,0.0,2.9705882352941178,15.0,South,Growth,Partner,Nan,76.88,Healthy
C00957,0.0,0.0,0.0,59.48,0.5,3.0,25.0,South,,Partner,Nan,75.69,Healthy
C00958,0.0,0.0,1.0,11.22,0.0,5.0,100.0,,Growth,,Cancelled,27.53,High Risk
C00961,0.0,110829.85,0.3333333333333333,54.45,0.0,2.9705882352941178,75.0,North,Basic,Website,Expired,54.92,Watchlist
C00962,0.0,0.0,0.0,45.69,0.0,2.9705882352941178,75.0,North,,Marketplace,Cancelled,61.07,Watchlist
C00963,0.0,30224.57,0.0,51.66,0.0,2.9705882352941178,70.0,South,Pro,Partner,Expired,63.81,Watchlist
C00965,0.0,0.0,0.0,54.75,0.0,2.9705882352941178,15.0,South,Basic,Website,Trial,78.33,Healthy
C00966,21846.112299999997,85351.47,0.0,53.82,0.0,2.9705882352941178,15.0,,Growth,,Active,78.1,Healthy
C00967,0.0,0.0,1.0,74.28,0.0,2.9705882352941178,12.5,East,,Partner,Trial,58.84,Watchlist
C00968,8763.7176,0.0,1.0,57.06,0.0,2.9705882352941178,40.0,,Basic,Inside Sales,Active,47.66,Watchlist
C00969,23585.49,0.0,0.0,35.42,0.6666666666666666,3.6666666666666665,40.0,South,Growth,Website,Active,64.34,Watchlist
C00980,0.0,26228.37,0.0,73.07,0.0,2.9705882352941178,40.0,South,Growth,,Nan,76.66,Healthy
C00981,0.0,0.0,0.0,0.0,0.0,2.9705882352941178,75.0,North,Enterprise,Partner,Expired,49.65,Watchlist
C00988,0.0,43178.08,0.5,0.0,1.0,1.0,72.5,West,Pro,Website,Cancelled,19.67,High Risk
C00992,0.0,99756.51,0.0,47.7,0.0,2.9705882352941178,40.0,,Growth,Website,Trial,70.32,Healthy
C01000,36999.131400000006,0.0,0.0,65.72,0.0,2.9705882352941178,15.0,,Enterprise,Website,Active,81.08,Healthy
C01001,22972.5531,0.0,0.0,46.24,0.0,2.9705882352941178,15.0,West,,Inside Sales,Active,76.21,Healthy
C01003,0.0,0.0,0.0,52.76,0.0,1.0,25.0,West,Pro,Website,Nan,69.73,Watchlist
C01008,0.0,0.0,0.5,61.91,0.0,2.9705882352941178,60.0,East,Basic,Partner,Expired,56.37,Watchlist
C01009,35729.5458,0.0,0.3333333333333333,58.03,0.0,2.9705882352941178,70.0,West,Pro,Website,Active,57.07,Watchlist
C01011,41230.61380000001,0.0,0.0,60.33,0.0,2.9705882352941178,15.0,East,,Website,Active,79.73,Healthy
C01012,0.0,57106.73,0.0,68.15,0.0,2.9705882352941178,100.0,Central,Growth,Partner,Expired,60.43,Watchlist
C01013,28770.423,0.0,0.2,54.22,0.0,2.9705882352941178,42.5,West,Basic,Partner,Cancelled,66.33,Watchlist
C01017,0.0,0.0,0.0,45.54,0.0,2.9705882352941178,100.0,North,Growth,Website,Expired,54.78,Watchlist
C01018,0.0,0.0,0.0,0.0,0.0,2.9705882352941178,100.0,,,Marketplace,Cancelled,43.4,Watchlist
C01019,0.0,0.0,0.5,53.91,0.0,2.9705882352941178,100.0,Central,Enterprise,Partner,Expired,44.37,Watchlist
C01023,5703.34,0.0,0.0,50.01,0.0,2.9705882352941178,70.0,Central,Basic,,Expired,63.4,Watchlist
C01026,0.0,0.0,0.0,62.45,0.0,2.9705882352941178,25.0,South,Enterprise,Marketplace,Trial,77.76,Healthy
C01032,0.0,0.0,0.0,35.74,0.5,2.5,75.0,East,Basic,Partner,Cancelled,47.76,Watchlist
C01039,0.0,0.0,0.0,45.49,1.0,5.0,75.0,West,Pro,Marketplace,Cancelled,54.85,Watchlist
C01043,0.0,0.0,0.0,43.85,1.0,3.0,40.0,South,Enterprise,Inside Sales,Nan,61.78,Watchlist
C01045,0.0,54410.955,0.0,57.29,0.0,2.0,0.0,North,Pro,,Trial,77.75,Healthy
C01049,62232.66,0.0,0.0,47.99,0.0,2.9705882352941178,70.0,South,,,Active,62.89,Watchlist
C01055,0.0,0.0,0.0,61.23,0.0,2.9705882352941178,40.0,Central,Enterprise,,Nan,73.7,Healthy
C01056,0.0,102300.85,0.0,60.11,0.0,2.9705882352941178,15.0,South,Growth,Partner,Nan,79.67,Healthy
C01057,0.0,0.0,0.0,55.44,1.0,3.0,70.0,Central,Basic,Marketplace,Trial,57.18,Watchlist
C01058,0.0,0.0,0.0,0.0,0.0,2.9705882352941178,15.0,South,Basic,Marketplace,Nan,64.65,Watchlist
C01068,0.0,22009.28,0.0,38.48,0.0,2.9705882352941178,40.0,,,Website,Trial,68.02,Watchlist
C01069,0.0,0.0,0.0,51.4,0.0,2.9705882352941178,100.0,Central,Enterprise,Marketplace,Cancelled,56.25,Watchlist
C01071,0.0,6713.33,0.5,57.74,0.0,5.0,40.0,,,Marketplace,Nan,66.66,Watchlist
C01075,0.0,0.0,0.0,0.0,0.0,2.9705882352941178,100.0,West,Basic,Marketplace,Expired,43.4,Watchlist
C01077,0.0,0.0,0.0,30.25,0.0,2.9705882352941178,40.0,East,Enterprise,Partner,Trial,65.96,Watchlist
C01080,0.0,0.0,0.0,60.41,0.0,2.9705882352941178,100.0,Central,Pro,Website,Cancelled,58.5,Watchlist
C01083,0.0,0.0,1.0,22.47,0.0,2.9705882352941178,75.0,West,Pro,Partner,Cancelled,30.26,High Risk
C01088,0.0,0.0,0.0,73.97,0.0,2.9705882352941178,100.0,,Growth,Website,Expired,61.89,Watchlist
C01093,12130.28,0.0,0.0,58.69,0.0,3.0,27.5,,Growth,,Trial,81.12,Healthy
C01095,0.0,0.0,0.0,55.28,0.0,2.9705882352941178,85.0,Central,Pro,Inside Sales,Cancelled,60.97,Watchlist
C01098,0.0,69525.7,0.0,38.37,0.0,2.9705882352941178,40.0,,Enterprise,,Nan,67.99,Watchlist
C01099,0.0,0.0,0.5,29.92,0.0,4.0,100.0,Central,,Inside Sales,Expired,44.11,Watchlist
C01102,0.0,19405.57,0.0,32.88,0.0,2.9705882352941178,75.0,West,Enterprise,Website,Expired,57.87,Watchlist
C01103,0.0,67570.09,0.0,22.08,0.0,2.9705882352941178,15.0,North,Growth,Website,Trial,70.17,Healthy
C01105,18390.390400000004,0.0,0.3333333333333333,49.19,0.0,2.9705882352941178,57.5,South,Growth,Website,Active,57.98,Watchlist
C01106,0.0,41740.34,0.0,58.98,1.0,3.0,40.0,North,,Inside Sales,Trial,65.57,Watchlist
C01108,76351.68,0.0,0.0,52.89,0.0,1.0,15.0,East,Basic,Partner,Active,72.27,Healthy
C01111,0.0,63628.58,0.0,64.17,0.0,2.9705882352941178,40.0,West,Growth,Inside Sales,Trial,74.44,Healthy
C01116,0.0,0.0,0.0,36.69,0.0,2.9705882352941178,0.0,,,Inside Sales,Trial,77.57,Healthy
C01121,0.0,0.0,0.0,0.0,0.0,5.0,100.0,,Basic,Inside Sales,Expired,49.72,Watchlist
C01122,0.0,0.0,0.0,0.0,0.0,3.0,60.0,North,Basic,Inside Sales,Expired,58.32,Watchlist
C01126,0.0,0.0,0.0,29.82,0.0,2.9705882352941178,40.0,North,,Marketplace,Nan,65.85,Watchlist
C01127,36000.717300000004,0.0,0.3333333333333333,0.0,0.0,2.9705882352941178,27.5,East,Basic,Marketplace,Active,53.19,Watchlist
C01131,0.0,41711.64,0.0,0.0,0.0,2.9705882352941178,100.0,Central,,,Cancelled,43.4,Watchlist
C01132,0.0,0.0,0.0,30.6,0.0,2.9705882352941178,100.0,South,Growth,Marketplace,Expired,51.05,Watchlist
C01135,0.0,0.0,0.0,0.0,0.0,2.9705882352941178,40.0,East,,Website,Trial,58.4,Watchlist
C01137,0.0,0.0,0.0,0.0,0.0,2.5,25.0,Central,,,Nan,57.57,Watchlist
C01140,0.0,0.0,0.0,42.29,1.0,5.0,40.0,South,Growth,Partner,Nan,62.8,Watchlist
C01143,61343.25,0.0,0.0,35.22,0.0,2.9705882352941178,40.0,Central,Pro,Website,Active,67.2,Watchlist
C01145,0.0,0.0,0.0,37.28,0.0,2.9705882352941178,60.0,North,Pro,Website,Expired,62.72,Watchlist
C01150,59757.456900000005,0.0,0.0,27.39,0.0,2.9705882352941178,25.0,South,Basic,Website,Active,68.99,Watchlist
C01151,0.0,0.0,0.0,0.0,0.0,2.9705882352941178,57.5,East,Pro,Inside Sales,Trial,54.02,Watchlist
C01154,0.0,96909.53,0.0,63.26,0.0,2.9705882352941178,100.0,South,Growth,Inside Sales,Expired,59.21,Watchlist
C01155,0.0,106793.87,0.0,37.55,0.0,2.0,40.0,North,,,Active,62.81,Watchlist
C01158,62226.49,0.0,0.0,57.29,0.0,1.0,70.0,East,Pro,,Expired,59.62,Watchlist
C01162,0.0,0.0,0.0,0.0,0.0,2.9705882352941178,25.0,West,Basic,,Nan,62.15,Watchlist
C01164,0.0,0.0,0.6,18.29,0.0,2.9705882352941178,71.67,Central,Basic,,Trial,40.05,Watchlist
C01165,0.0,0.0,1.0,0.0,0.0,2.9705882352941178,85.0,South,Growth,Website,Expired,22.15,High Risk
C01167,0.0,36903.34,0.5,55.53,0.0,2.9705882352941178,27.5,South,Basic,Marketplace,Trial,62.9,Watchlist
C01169,0.0,0.0,0.0,31.76,0.0,2.9705882352941178,100.0,South,,Partner,Expired,51.34,Watchlist
C01176,42498.88,0.0,0.25,28.64,0.0,2.9705882352941178,15.0,South,Basic,Website,Trial,65.56,Watchlist
C01178,6631.4304,0.0,0.5,40.58,0.0,2.9705882352941178,33.75,West,Basic,Partner,Trial,57.6,Watchlist
C01179,0.0,0.0,0.0,67.22,0.0,2.9705882352941178,40.0,Central,Enterprise,,Active,75.2,Healthy
C01181,0.0,0.0,0.0,52.65,0.0,2.0,75.0,South,Pro,Marketplace,Expired,57.84,Watchlist
C01183,56478.811,48170.21,0.0,47.68,0.0,2.0,40.0,,Enterprise,Website,Active,65.35,Watchlist
C01186,16306.266500000003,0.0,0.5,47.27,0.0,2.9705882352941178,27.5,Central,Basic,Inside Sales,Active,60.84,Watchlist
C01190,0.0,0.0,0.5,52.19,0.0,2.9705882352941178,100.0,East,Enterprise,Partner,Expired,43.94,Watchlist
C01192,0.0,0.0,0.0,39.06,0.0,2.9705882352941178,100.0,South,Enterprise,,Cancelled,53.16,Watchlist
C01193,0.0,93047.12,0.0,80.31,0.0,2.9705882352941178,70.0,East,Enterprise,Website,Expired,70.97,Healthy
C01194,0.0,88418.62,0.0,0.0,1.0,3.0,40.0,North,,,Active,50.82,Watchlist
C01195,0.0,0.0,0.0,26.62,0.0,2.9705882352941178,40.0,Central,Enterprise,Marketplace,Trial,65.05,Watchlist
C01196,0.0,0.0,0.5,44.58,0.0,2.9705882352941178,25.0,,Growth,Partner,Trial,60.79,Watchlist
C01199,0.0,0.0,0.0,42.62,0.0,2.9705882352941178,40.0,,Pro,Marketplace,Trial,69.05,Watchlist
C01201,0.0,0.0,0.0,28.62,0.0,2.9705882352941178,0.0,,Pro,Marketplace,Trial,75.55,Healthy
C01207,0.0,0.0,0.0,59.43,0.0,5.0,75.0,East,,Partner,Cancelled,70.83,Healthy
C01208,0.0,0.0,1.0,65.29,0.0,4.0,75.0,West,Growth,Inside Sales,Expired,46.7,Watchlist
C01210,0.0,108158.52,0.3333333333333333,0.0,0.0,2.9705882352941178,40.0,East,Enterprise,Partner,Nan,50.06,Watchlist
C01211,0.0,0.0,0.0,51.2,0.0,2.9705882352941178,40.0,South,Basic,Partner,Nan,71.2,Healthy
C01215,24721.732799999998,0.0,0.5,59.39,0.0,2.9705882352941178,0.0,East,Enterprise,Website,Active,70.74,Healthy
C01217,0.0,0.0,1.0,82.17,0.0,2.9705882352941178,40.0,West,Pro,Partner,Nan,53.94,Watchlist
C01222,0.0,0.0,0.0,40.38,0.0,2.9705882352941178,100.0,Central,Enterprise,Marketplace,Expired,53.49,Watchlist
C01226,0.0,0.0,0.3333333333333333,60.84,1.0,2.0,40.0,South,Basic,Website,Nan,47.8,Watchlist
C01229,0.0,0.0,0.0,47.44,0.0,2.9705882352941178,0.0,East,,Marketplace,Trial,80.26,Healthy
C01231,0.0,0.0,0.0,24.3,1.0,5.0,70.0,East,Pro,Partner,Expired,50.8,Watchlist
C01234,0.0,0.0,0.0,43.62,0.0,2.9705882352941178,40.0,South,Enterprise,Inside Sales,Nan,69.3,Watchlist
C01235,0.0,0.0,0.0,55.22,0.0,2.9705882352941178,75.0,East,Enterprise,Website,Cancelled,63.45,Watchlist
C01237,0.0,59787.285,0.3333333333333333,0.0,0.0,2.9705882352941178,57.5,Central,,,Cancelled,45.69,Watchlist
C01238,0.0,0.0,0.0,49.91,0.0,2.9705882352941178,100.0,North,Enterprise,,Expired,55.87,Watchlist
C01239,0.0,0.0,0.0,52.8,0.0,2.9705882352941178,25.0,East,Enterprise,,Trial,75.35,Healthy
C01240,0.0,0.0,0.0,58.58,0.0,2.9705882352941178,40.0,,Basic,Website,Nan,73.04,Healthy
C01242,0.0,0.0,1.0,54.7,0.0,2.9705882352941178,75.0,North,Enterprise,,Expired,38.32,High Risk
C01246,0.0,0.0,0.6666666666666666,68.37,0.0,3.0,40.0,East,Pro,Marketplace,Nan,63.75,Watchlist
C01253,13469.54,0.0,1.0,31.76,0.0,2.9705882352941178,40.0,East,Basic,Partner,Active,41.34,Watchlist
C01255,0.0,0.0,0.5,45.53,0.0,2.9705882352941178,15.0,,Basic,,Trial,63.53,Watchlist
C01257,0.0,0.0,0.0,59.42,0.0,2.9705882352941178,15.0,,,,Active,79.5,Healthy
C01258,0.0,0.0,1.0,45.15,0.0,5.0,75.0,North,Enterprise,Inside Sales,Expired,42.26,Watchlist
C01259,0.0,0.0,0.0,44.11,0.0,2.9705882352941178,40.0,North,Growth,Partner,Nan,69.42,Watchlist
C01265,0.0,0.0,0.0,47.42,0.0,2.9705882352941178,40.0,East,Enterprise,Partner,Nan,70.25,Healthy
C01268,28977.72,0.0,1.0,49.01,0.0,3.0,40.0,West,Enterprise,,Active,50.57,Watchlist
C01277,0.0,0.0,0.3333333333333333,43.28,0.0,2.9705882352941178,100.0,North,Growth,Inside Sales,Expired,45.88,Watchlist
C01279,0.0,0.0,0.0,45.54,0.0,2.9705882352941178,15.0,South,Enterprise,Inside Sales,Trial,76.03,Healthy
C01284,0.0,0.0,0.0,70.82,0.0,3.0,40.0,,,Marketplace,Nan,81.03,Healthy
C01285,0.0,0.0,0.0,36.92,0.0,2.9705882352941178,40.0,,Enterprise,Inside Sales,Nan,67.63,Watchlist
C01286,0.0,0.0,0.0,55.59,0.0,2.9705882352941178,75.0,Central,Growth,Inside Sales,Expired,63.54,Watchlist
C01287,0.0,0.0,0.0,35.26,0.0,1.0,75.0,Central,Growth,Inside Sales,Expired,52.86,Watchlist
C01288,0.0,0.0,1.0,67.25,0.0,2.9705882352941178,0.0,North,Enterprise,,Trial,60.21,Watchlist
C01289,0.0,0.0,0.0,49.88,0.0,2.9705882352941178,100.0,Central,,Inside Sales,Cancelled,55.87,Watchlist
C01293,0.0,0.0,1.0,48.63,0.0,5.0,100.0,Central,Basic,Website,Expired,36.88,High Risk
C01294,0.0,57760.21,0.0,62.8,0.0,2.9705882352941178,40.0,Central,Pro,,Nan,74.1,Healthy
C01297,0.0,0.0,0.0,58.97,0.0,2.9705882352941178,40.0,West,Growth,Website,Trial,73.14,Healthy
C01299,0.0,113983.27,0.0,18.42,0.0,2.9705882352941178,75.0,South,Basic,Partner,Expired,54.25,Watchlist
C01300,0.0,0.0,0.0,60.78,0.0,2.0,40.0,North,Enterprise,Inside Sales,Nan,68.62,Watchlist
C01301,0.0,0.0,0.0,49.0,0.0,4.0,40.0,South,,Website,Nan,76.38,Healthy
C01302,28148.14,86908.76,0.0,40.31,0.0,2.9705882352941178,70.0,West,,Inside Sales,Cancelled,60.97,Watchlist
C01303,0.0,0.0,0.0,44.6,1.0,3.0,0.0,South,Pro,Website,Trial,71.97,Healthy
C01308,0.0,0.0,0.5,52.21,0.0,2.9705882352941178,100.0,East,Basic,Website,Cancelled,43.95,Watchlist
C01312,0.0,0.0,0.0,32.38,0.0,1.0,40.0,North,Pro,Inside Sales,Nan,60.89,Watchlist
C01313,0.0,55387.85,0.0,35.17,0.0,2.9705882352941178,85.0,East,Enterprise,Marketplace,Cancelled,55.94,Watchlist
C01315,0.0,0.0,0.6666666666666666,0.0,0.0,4.0,100.0,Central,Pro,Inside Sales,Expired,32.46,High Risk
C01318,49657.50749999999,0.0,0.0,70.08,0.0,5.0,57.5,North,Pro,Partner,Cancelled,77.87,Healthy
C01319,40533.4774,16823.47,0.0,43.82,0.0,2.9705882352941178,51.67,South,Enterprise,Inside Sales,Active,66.43,Watchlist
C01322,0.0,0.0,0.0,45.44,1.0,3.0,100.0,North,Enterprise,Partner,Cancelled,47.18,Watchlist
C01324,0.0,26535.32,0.0,0.0,0.0,2.9705882352941178,100.0,Central,,Inside Sales,Expired,43.4,Watchlist
C01325,0.0,0.0,0.0,64.5,1.0,2.9705882352941178,40.0,West,Growth,Inside Sales,Nan,62.02,Watchlist
C01326,0.0,0.0,0.0,49.53,0.0,2.9705882352941178,15.0,,Enterprise,Inside Sales,Nan,77.03,Healthy
C01333,0.0,0.0,0.0,77.03,0.0,2.9705882352941178,0.0,West,Basic,Marketplace,Trial,87.65,Healthy
C01334,0.0,0.0,0.0,50.71,0.0,2.9705882352941178,100.0,North,Basic,,Cancelled,56.07,Watchlist
C01335,0.0,0.0,0.0,53.83,0.0,2.9705882352941178,100.0,West,Growth,Inside Sales,Cancelled,56.85,Watchlist
C01336,0.0,0.0,0.0,35.18,0.0,2.9705882352941178,15.0,Central,Basic,Partner,Nan,73.44,Healthy
C01337,0.0,0.0,0.0,48.14,0.0,3.0,25.0,Central,,Marketplace,Nan,79.11,Healthy
C01340,4926.9,0.0,0.5,26.01,0.0,2.9705882352941178,15.0,West,Pro,,Active,58.65,Watchlist
C01342,0.0,0.0,0.0,52.88,0.0,2.9705882352941178,15.0,,Enterprise,Partner,Nan,77.87,Healthy
C01347,47753.8,0.0,0.0,58.15,0.0,3.0,40.0,North,Growth,Inside Sales,Active,77.86,Healthy
C01348,0.0,115114.93,0.0,51.48,0.0,2.9705882352941178,15.0,Central,Pro,Inside Sales,Nan,77.52,Healthy
C01350,0.0,0.0,1.0,52.92,0.0,5.0,70.0,East,,Partner,Nan,45.45,Watchlist
C01353,0.0,0.0,0.0,52.21,0.0,2.9705882352941178,40.0,North,Growth,Website,Nan,71.45,Healthy
C01355,0.0,0.0,0.0,47.0,0.0,2.9705882352941178,15.0,East,Pro,,Trial,76.4,Healthy
C01356,0.0,0.0,0.3333333333333333,0.0,0.0,2.9705882352941178,15.0,North,Basic,Inside Sales,Trial,56.31,Watchlist
C01357,0.0,0.0,0.0,58.7,0.0,2.9705882352941178,75.0,Central,Growth,Inside Sales,Cancelled,64.32,Watchlist
C01362,0.0,0.0,0.0,34.65,0.0,2.9705882352941178,40.0,South,,Partner,Nan,67.06,Watchlist
C01363,77505.11,0.0,0.0,0.0,0.0,4.0,15.0,Central,,,Active,70.38,Healthy
C01365,29409.45,0.0,0.0,40.8,0.0,2.9705882352941178,27.5,,Pro,Inside Sales,Active,71.72,Healthy
C01367,16397.28,0.0,0.0,49.61,0.0,2.9705882352941178,15.0,,,,Active,77.05,Healthy
C01371,61767.16,0.0,0.0,21.71,0.0,3.0,15.0,,Pro,Inside Sales,Active,75.0,Healthy
C01374,0.0,0.0,0.0,38.33,0.0,1.0,100.0,Central,Growth,,Expired,47.38,Watchlist
C01377,0.0,0.0,0.0,32.3,0.0,5.0,25.0,West,,,Nan,76.55,Healthy
C01378,60751.02,0.0,0.0,16.64,0.0,2.9705882352941178,40.0,West,Growth,Partner,Active,62.56,Watchlist
C01387,0.0,90766.32,0.25,49.1,0.0,2.9705882352941178,57.5,,Pro,Inside Sales,Expired,60.05,Watchlist
C01388,0.0,0.0,0.0,63.21,0.0,2.9705882352941178,15.0,East,Enterprise,,Trial,80.45,Healthy
C01389,0.0,0.0,0.0,57.34,0.0,2.0,40.0,South,,Marketplace,Nan,67.76,Watchlist
C01392,0.0,0.0,0.0,54.51,0.0,2.9705882352941178,100.0,East,Basic,Inside Sales,Cancelled,57.02,Watchlist
C01395,0.0,109121.62,0.5,49.76,0.0,2.9705882352941178,75.0,Central,Pro,Marketplace,Cancelled,49.59,Watchlist
C01396,77959.47,0.0,0.3333333333333333,47.22,0.0,2.9705882352941178,60.0,,Pro,Website,Nan,56.87,Watchlist
C01398,0.0,0.0,0.0,44.54,0.0,2.9705882352941178,75.0,West,Enterprise,Partner,Cancelled,60.78,Watchlist
C01400,0.0,32140.32,0.0,39.29,0.5,2.5,25.0,Central,,Inside Sales,Nan,61.15,Watchlist
C01403,0.0,67075.21,0.14285714285714285,48.6,0.0,2.9705882352941178,45.0,South,Growth,Website,Expired,65.72,Watchlist
C01407,0.0,0.0,1.0,0.0,0.0,2.9705882352941178,40.0,South,Pro,Marketplace,Trial,33.4,High Risk
C01409,0.0,0.0,0.0,59.33,0.0,2.9705882352941178,85.0,East,Growth,Inside Sales,Cancelled,61.98,Watchlist
C01415,0.0,0.0,1.0,55.89,1.0,5.0,100.0,,,Website,Expired,26.2,High Risk
C01418,0.0,0.0,0.6,30.37,0.0,3.5,51.67,,Enterprise,Marketplace,Cancelled,53.46,Watchlist
C01421,0.0,0.0,0.0,91.67,0.0,2.9705882352941178,27.5,West,Basic,,Trial,84.44,Healthy
C01424,0.0,0.0,0.0,62.67,0.0,2.9705882352941178,40.0,,Basic,Website,Nan,74.06,Healthy
C01425,0.0,95937.96,0.0,47.99,0.0,5.0,60.0,East,Growth,Inside Sales,Expired,71.72,Healthy
C01426,0.0,0.0,0.0,36.13,0.0,2.9705882352941178,100.0,West,,Partner,Cancelled,52.43,Watchlist
C01428,0.0,0.0,0.0,61.35,0.0,5.0,40.0,South,Pro,,Trial,80.06,Healthy
C01429,0.0,98608.96,0.0,56.04,0.0,2.9705882352941178,15.0,Central,Basic,,Nan,78.66,Healthy
C01432,0.0,0.0,0.5,0.0,0.0,2.9705882352941178,100.0,East,Pro,Website,Cancelled,30.9,High Risk
C01434,62320.88,0.0,0.0,39.74,0.0,2.0,40.0,,Enterprise,Marketplace,Active,63.36,Watchlist
C01438,16067.37,0.0,0.0,64.91,0.0,2.9705882352941178,0.0,East,Pro,Marketplace,Active,84.62,Healthy
C01441,0.0,0.0,1.0,54.94,0.0,2.9705882352941178,40.0,,Enterprise,Partner,Trial,47.13,Watchlist
C01442,3490.71,0.0,1.0,28.6,0.0,2.9705882352941178,40.0,West,Pro,Website,Active,40.55,Watchlist
C01444,0.0,88189.82,0.0,51.78,0.0,2.9705882352941178,40.0,,Enterprise,Website,Active,71.34,Healthy
C01446,63050.53,0.0,0.0,61.54,0.0,4.0,15.0,West,Growth,,Active,85.76,Healthy
C01448,70752.9388,0.0,0.0,78.23,0.0,2.9705882352941178,31.67,South,Enterprise,Marketplace,Active,80.04,Healthy
C01449,0.0,0.0,0.0,39.76,0.0,2.9705882352941178,15.0,Central,Pro,Marketplace,Active,74.59,Healthy
C01453,0.0,0.0,0.0,15.98,0.0,2.9705882352941178,27.5,,Growth,,Nan,65.52,Watchlist
C01454,0.0,0.0,0.0,66.94,0.0,2.9705882352941178,100.0,,Enterprise,Marketplace,Expired,60.13,Watchlist
C01455,0.0,0.0,0.0,50.05,0.0,2.9705882352941178,25.0,West,Pro,Marketplace,Nan,74.66,Healthy
C01456,0.0,118733.59,0.0,52.02,0.0,2.9705882352941178,40.0,East,Enterprise,Inside Sales,Nan,71.4,Healthy
C01458,0.0,43799.565,0.125,21.42,0.0,4.0,27.5,,Basic,Marketplace,Nan,69.48,Watchlist
C01459,34266.2806,0.0,0.0,61.18,0.0,2.9705882352941178,40.0,North,Growth,Inside Sales,Active,73.69,Healthy
C01460,0.0,0.0,0.0,53.41,0.0,2.9705882352941178,40.0,North,,Website,Nan,71.75,Healthy
C01462,0.0,0.0,0.0,0.0,0.0,2.9705882352941178,87.5,West,Basic,,Cancelled,46.52,Watchlist
C01463,0.0,0.0,0.3333333333333333,63.95,0.0,2.9705882352941178,15.0,North,Growth,Website,Nan,72.3,Healthy
C01464,13917.57,0.0,0.0,51.62,0.0,5.0,40.0,North,Growth,Inside Sales,Trial,77.63,Healthy
C01467,0.0,37177.82,0.0,48.26,0.0,2.9705882352941178,40.0,South,,Marketplace,Trial,70.46,Healthy
C01470,0.0,0.0,0.5,56.22,0.0,2.9705882352941178,40.0,East,Enterprise,Inside Sales,Nan,59.95,Watchlist
C01473,26449.1675,38165.085,0.0,62.15,0.0,2.9705882352941178,57.5,North,Growth,,Active,69.56,Watchlist
C01475,0.0,74243.84,0.0,53.35,0.0,2.9705882352941178,75.0,East,Growth,Marketplace,Cancelled,62.98,Watchlist
C01476,0.0,0.0,1.0,65.17,0.0,2.9705882352941178,40.0,East,Enterprise,Website,Trial,49.69,Watchlist
C01477,0.0,0.0,0.0,47.82,1.0,1.0,100.0,Central,Enterprise,Partner,Expired,37.25,High Risk
C01481,0.0,0.0,0.0,41.49,0.0,2.9705882352941178,100.0,East,,Inside Sales,Cancelled,53.77,Watchlist
C01482,8627.64,0.0,0.5,52.4,1.0,2.0,40.0,South,,Website,Active,41.53,Watchlist
C01484,0.0,0.0,0.0,0.0,0.0,5.0,70.0,,Growth,Website,Nan,57.22,Watchlist
C01489,0.0,0.0,0.0,0.0,0.0,2.9705882352941178,40.0,East,Enterprise,Website,Nan,58.4,Watchlist
C01491,3181.73,0.0,0.0,0.0,0.0,2.0,25.0,,Enterprise,Partner,Active,57.18,Watchlist
C01493,0.0,0.0,0.0,40.55,0.0,2.9705882352941178,85.0,,Basic,,Cancelled,57.28,Watchlist
C01494,0.0,113806.89,0.0,44.78,0.0,2.9705882352941178,15.0,Central,Pro,Partner,Nan,75.84,Healthy
C01495,4071.4145999999996,74937.89,0.6666666666666666,64.15,0.0,2.9705882352941178,40.0,West,Pro,Website,Active,57.77,Watchlist
C01497,0.0,16070.2,0.0,50.8,0.0,2.0,75.0,Central,Basic,Partner,Expired,57.38,Watchlist
C01498,0.0,0.0,0.0,0.0,0.0,2.9705882352941178,40.0,East,Growth,,Trial,58.4,Watchlist
C01500,5961.137600000001,0.0,0.0,56.27,0.0,2.9705882352941178,40.0,West,Basic,Inside Sales,Active,72.46,Healthy
C01504,0.0,0.0,0.0,46.1,0.0,2.9705882352941178,40.0,,Growth,,Active,69.92,Watchlist
C01505,24804.981,0.0,0.0,65.54,0.0,2.9705882352941178,70.0,North,Basic,Inside Sales,Cancelled,67.28,Watchlist
C01507,0.0,0.0,0.0,51.89,0.0,2.9705882352941178,100.0,West,Pro,Marketplace,Expired,56.37,Watchlist
C01509,0.0,0.0,0.0,61.28,0.0,2.9705882352941178,100.0,West,Pro,Website,Expired,58.72,Watchlist
C01510,0.0,0.0,0.0,0.0,0.0,2.9705882352941178,85.0,Central,Basic,,Cancelled,47.15,Watchlist
C01511,15326.550399999998,0.0,1.0,54.87,0.0,2.9705882352941178,40.0,South,Pro,,Active,47.11,Watchlist
C01512,0.0,0.0,0.0,0.0,0.0,3.0,100.0,West,Basic,Partner,Expired,48.32,Watchlist
C01513,0.0,102874.31,0.5,57.66,0.0,2.9705882352941178,57.5,East,Basic,Marketplace,Cancelled,55.94,Watchlist
C01514,6406.4874,0.0,0.0,0.0,0.0,2.9705882352941178,15.0,,Basic,,Active,64.65,Watchlist
C01515,0.0,113715.85,0.3333333333333333,57.58,0.0,2.0,75.0,East,,,Cancelled,50.74,Watchlist
C01522,0.0,0.0,0.0,38.4,0.0,5.0,40.0,West,Enterprise,Partner,Nan,74.32,Healthy
C01524,0.0,0.0,0.6666666666666666,0.0,0.0,2.9705882352941178,75.0,Central,Enterprise,Inside Sales,Expired,32.98,High Risk
C01525,19730.7024,55398.81,0.0,52.4,0.0,2.9705882352941178,25.0,East,Pro,Marketplace,Active,75.25,Healthy
C01528,0.0,0.0,0.0,43.96,0.0,2.9705882352941178,25.0,Central,Enterprise,Partner,Trial,73.14,Healthy
C01529,0.0,0.0,0.5,62.24,0.0,2.9705882352941178,100.0,North,Growth,Partner,Expired,46.46,Watchlist
C01532,0.0,0.0,0.0,0.0,0.0,2.9705882352941178,25.0,Central,,Website,Trial,62.15,Watchlist
C01534,0.0,0.0,0.0,48.07,0.0,2.9705882352941178,100.0,South,Basic,Inside Sales,Expired,55.41,Watchlist
C01537,0.0,0.0,0.0,57.21,0.0,2.9705882352941178,75.0,West,Pro,Partner,Cancelled,63.95,Watchlist
C01539,0.0,114124.77,0.0,80.02,0.0,1.0,100.0,West,Pro,Partner,Expired,57.8,Watchlist
C01540,0.0,0.0,0.5,35.51,0.0,2.9705882352941178,85.0,Central,Growth,Inside Sales,Expired,43.52,Watchlist
C01542,0.0,0.0,0.0,38.91,0.0,2.9705882352941178,40.0,Central,Growth,Inside Sales,Trial,68.12,Watchlist
C01543,0.0,0.0,0.5,38.81,0.0,2.0,87.5,,Basic,Partner,Cancelled,38.75,High Risk
C01544,0.0,0.0,0.0,0.0,0.0,3.0,100.0,North,Basic,Website,Cancelled,48.32,Watchlist
C01551,0.0,0.0,0.0,43.65,0.0,4.0,25.0,North,,Website,Nan,78.79,Healthy
C01560,0.0,67484.32,0.0,54.85,1.0,1.0,100.0,East,Pro,Partner,Expired,39.01,High Risk
C01563,0.0,0.0,0.0,66.12,0.0,2.9705882352941178,15.0,North,,Partner,Nan,81.18,Healthy
C01564,0.0,0.0,0.0,35.62,0.0,2.9705882352941178,100.0,,Enterprise,Marketplace,Expired,52.3,Watchlist
C01565,0.0,0.0,0.0,50.48,0.0,2.9705882352941178,57.5,North,,Partner,Expired,66.64,Watchlist
C01568,0.0,0.0,1.0,52.54,0.0,2.9705882352941178,100.0,North,Growth,Inside Sales,Expired,31.53,High Risk
C01569,51611.54280000001,0.0,0.0,41.21,0.0,2.9705882352941178,27.5,South,Pro,Inside Sales,Active,71.82,Healthy
C01570,0.0,82232.87,0.0,27.08,0.0,1.0,100.0,North,Growth,Inside Sales,Expired,44.56,Watchlist
C01574,0.0,0.0,1.0,30.63,0.0,2.9705882352941178,85.0,,,Inside Sales,Expired,29.8,High Risk
C01575,0.0,0.0,0.0,0.0,0.0,2.9705882352941178,40.0,,Basic,Website,Nan,58.4,Watchlist
C01576,0.0,38722.93,0.0,35.72,0.0,2.9705882352941178,100.0,North,Growth,Marketplace,Cancelled,52.33,Watchlist
C01577,0.0,56689.02,0.0,37.9,0.0,2.9705882352941178,40.0,North,Growth,,Trial,67.87,Watchlist
C01580,44083.12,0.0,0.0,44.23,0.0,2.9705882352941178,40.0,South,Basic,,Active,69.45,Watchlist
C01581,0.0,0.0,0.3333333333333333,44.49,0.0,4.0,40.0,South,Enterprise,Website,Trial,66.91,Watchlist
C01588,0.0,0.0,1.0,37.09,0.0,2.9705882352941178,100.0,East,,,Expired,27.67,High Risk
C01589,0.0,50102.06,0.0,57.14,0.0,2.9705882352941178,0.0,South,Pro,Partner,Nan,82.68,Healthy
C01591,19965.83,0.0,1.0,81.48,0.0,1.0,57.5,West,Basic,Partner,Expired,43.79,Watchlist
C01593,0.0,0.0,0.0,61.7,0.0,1.0,15.0,East,Enterprise,,Trial,74.47,Healthy
C01594,481.5006000000001,0.0,0.0,48.41,0.0,2.9705882352941178,40.0,Central,Enterprise,,Active,70.5,Healthy
C01597,0.0,0.0,0.5,56.53,0.3333333333333333,2.6666666666666665,40.0,North,Enterprise,,Nan,51.36,Watchlist
C01598,0.0,0.0,0.0,30.76,0.0,5.0,40.0,East,Enterprise,Partner,Nan,72.41,Healthy
C01599,0.0,0.0,0.0,0.0,0.0,2.9705882352941178,15.0,South,,Website,Nan,64.65,Watchlist
C01601,0.0,22264.83,0.0,63.27,0.0,1.0,70.0,,Basic,,Cancelled,61.11,Watchlist
C01604,0.0,0.0,0.0,33.98,1.0,5.0,40.0,North,,Inside Sales,Nan,60.72,Watchlist
C01608,0.0,0.0,0.0,52.72,0.0,3.0,40.0,North,Basic,Inside Sales,Nan,76.5,Healthy
C01610,0.0,80052.15,0.0,79.38,0.0,2.9705882352941178,100.0,Central,Basic,Marketplace,Expired,63.24,Watchlist
C01612,0.0,0.0,0.0,38.65,0.0,2.9705882352941178,100.0,East,Growth,Partner,Cancelled,53.06,Watchlist
C01614,0.0,65677.03,0.0,41.03,0.0,2.9705882352941178,57.5,East,Basic,,Cancelled,64.28,Watchlist
C01615,0.0,0.0,0.0,52.37,0.0,4.0,40.0,North,Growth,Partner,Active,77.22,Healthy
C01625,0.0,0.0,0.25,0.0,0.0,2.9705882352941178,51.67,North,Enterprise,Inside Sales,Expired,49.23,Watchlist
C01627,0.0,116831.93,0.0,46.11,0.0,2.9705882352941178,57.5,Central,Basic,Marketplace,Active,65.55,Watchlist
C01631,0.0,0.0,0.0,36.61,0.0,2.9705882352941178,45.0,,Basic,Inside Sales,Expired,66.3,Watchlist
C01632,0.0,0.0,0.0,0.0,0.0,2.9705882352941178,40.0,Central,,Website,Nan,58.4,Watchlist
C01633,0.0,0.0,0.5,0.0,0.0,5.0,75.0,Central,Basic,Inside Sales,Cancelled,43.47,Watchlist
C01634,0.0,0.0,1.0,26.3,0.0,2.9705882352941178,100.0,East,Growth,Inside Sales,Cancelled,24.97,High Risk
C01635,0.0,81970.75,0.3333333333333333,54.71,0.0,2.9705882352941178,87.5,West,Growth,Website,Cancelled,51.86,Watchlist
C01636,0.0,0.0,0.0,58.82,0.0,2.9705882352941178,40.0,South,Enterprise,,Nan,73.1,Healthy
C01637,46590.14,0.0,0.0,0.0,0.0,2.9705882352941178,15.0,,Growth,Website,Active,64.65,Watchlist
C01638,26244.231,0.0,0.5,46.54,1.0,2.0,27.5,Central,Basic,Partner,Active,43.19,Watchlist
C01641,0.0,0.0,0.0,50.43,0.0,1.0,40.0,North,Basic,Inside Sales,Nan,65.4,Watchlist
C01645,0.0,0.0,1.0,68.04,0.0,4.0,75.0,West,Basic,Partner,Expired,47.39,Watchlist
C01646,18285.183999999997,38170.27,0.0,52.19,0.0,4.0,40.0,East,,Marketplace,Active,77.17,Healthy
C01647,0.0,0.0,0.0,0.0,1.0,3.0,85.0,Central,Growth,,Cancelled,39.57,High Risk
C01649,0.0,0.0,0.0,25.74,0.0,2.9705882352941178,40.0,South,Enterprise,Partner,Nan,64.83,Watchlist
C01650,0.0,78184.13,0.0,0.0,0.0,2.9705882352941178,75.0,South,Pro,Partner,Cancelled,49.65,Watchlist
C01651,51773.85,0.0,0.0,61.75,0.0,2.9705882352941178,40.0,South,Basic,Marketplace,Active,73.83,Healthy
C01653,0.0,0.0,0.0,46.1,0.0,2.9705882352941178,15.0,Central,Pro,,Trial,76.17,Healthy
C01656,0.0,0.0,0.0,51.71,0.0,1.0,75.0,West,Pro,Marketplace,Expired,56.97,Watchlist
C01657,0.0,0.0,0.0,0.0,0.0,2.9705882352941178,75.0,Central,Growth,Partner,Cancelled,49.65,Watchlist
C01660,0.0,0.0,0.0,38.22,1.0,4.0,85.0,North,Pro,Inside Sales,Expired,49.93,Watchlist
C01665,27522.813599999998,0.0,0.0,54.06,0.0,2.0,25.0,North,Pro,Inside Sales,Active,70.69,Healthy
C01667,0.0,86729.27,0.0,27.03,0.0,2.9705882352941178,40.0,,Basic,Website,Trial,65.15,Watchlist
C01668,0.0,0.0,0.0,0.0,0.0,2.9705882352941178,15.0,West,,,Trial,64.65,Watchlist
C01670,0.0,62119.63,0.2,43.65,0.0,2.9705882352941178,63.33,North,Enterprise,Inside Sales,Cancelled,58.48,Watchlist
C01673,0.0,0.0,1.0,45.05,0.0,4.0,40.0,West,,Marketplace,Trial,50.39,Watchlist
C01679,0.0,0.0,0.0,51.39,0.0,2.9705882352941178,75.0,North,Pro,Partner,Expired,62.49,Watchlist
C01683,0.0,0.0,0.0,57.21,0.0,2.9705882352941178,100.0,East,Enterprise,Inside Sales,Expired,57.7,Watchlist
C01686,71936.26,0.0,0.0,60.54,0.0,2.9705882352941178,40.0,,,Marketplace,Active,73.53,Healthy
C01689,11829.87,0.0,1.0,38.08,0.0,2.9705882352941178,40.0,North,Enterprise,Partner,Active,42.92,Watchlist
C01691,0.0,0.0,0.0,53.16,0.0,2.9705882352941178,40.0,West,Enterprise,Partner,Nan,71.69,Healthy
C01694,0.0,0.0,0.0,43.65,0.0,3.0,27.5,North,Basic,Website,Active,77.36,Healthy
C01696,0.0,0.0,0.0,48.29,0.0,2.9705882352941178,100.0,,Enterprise,,Expired,55.47,Watchlist
C01699,0.0,0.0,0.0,43.88,0.0,2.9705882352941178,15.0,North,,Marketplace,Trial,75.62,Healthy
C01701,7702.18,0.0,0.0,62.06,0.0,2.9705882352941178,15.0,West,Basic,,Active,80.16,Healthy
C01702,9260.8673,0.0,0.0,51.75,0.0,2.9705882352941178,57.5,North,Growth,,Active,66.96,Watchlist
C01705,0.0,0.0,0.0,0.0,0.0,2.9705882352941178,100.0,West,Pro,Inside Sales,Expired,43.4,Watchlist
C01713,116014.8694,0.0,0.5,35.24,0.0,2.9705882352941178,51.67,West,Pro,Marketplace,Active,51.79,Watchlist
C01714,0.0,19240.1,0.0,43.39,0.0,2.9705882352941178,15.0,Central,Growth,,Trial,75.49,Healthy
C01715,0.0,119861.68,0.0,0.0,0.0,2.9705882352941178,40.0,West,Basic,Partner,Nan,58.4,Watchlist
C01716,0.0,0.0,0.0,56.36,0.0,2.9705882352941178,40.0,North,,Partner,Trial,72.49,Healthy
C01717,0.0,0.0,1.0,35.51,0.0,2.9705882352941178,40.0,North,Growth,Partner,Trial,42.27,Watchlist
C01719,0.0,0.0,0.0,25.44,0.0,2.9705882352941178,100.0,North,Basic,Website,Expired,49.76,Watchlist
C01720,0.0,17229.17,0.0,60.14,0.0,2.9705882352941178,15.0,Central,Growth,Partner,Trial,79.68,Healthy
C01721,0.0,0.0,0.0,49.5,0.0,2.9705882352941178,100.0,South,Enterprise,,Cancelled,55.77,Watchlist
C01725,0.0,0.0,0.0,38.72,0.0,2.9705882352941178,100.0,,Growth,Website,Cancelled,53.08,Watchlist
C01727,0.0,0.0,0.3333333333333333,0.0,0.0,2.9705882352941178,75.0,,,Website,Expired,41.31,Watchlist
C01729,0.0,0.0,0.0,0.0,0.0,2.9705882352941178,100.0,South,Basic,Marketplace,Cancelled,43.4,Watchlist
C01734,0.0,0.0,0.0,55.26,0.0,2.9705882352941178,40.0,North,Growth,Marketplace,Nan,72.21,Healthy
C01735,0.0,0.0,0.0,60.83,0.0,2.0,100.0,North,,Partner,Cancelled,53.63,Watchlist
C01739,0.0,0.0,0.0,42.23,0.0,2.9705882352941178,40.0,East,Growth,Marketplace,Nan,68.95,Watchlist
C01743,23302.622,0.0,0.0,53.05,0.0,2.9705882352941178,40.0,,Basic,Website,Active,71.66,Healthy
C01745,0.0,0.0,0.5,0.0,0.25,4.5,40.0,Central,Growth,,Nan,48.8,Watchlist
C01746,32607.26,0.0,0.0,0.0,0.0,1.0,15.0,East,Pro,,Active,59.04,Watchlist
C01747,71159.37,0.0,0.0,46.91,0.0,2.9705882352941178,15.0,Central,Pro,Inside Sales,Active,76.37,Healthy
C01752,0.0,0.0,0.0,48.01,0.0,2.9705882352941178,100.0,Central,Growth,,Expired,55.4,Watchlist
C01754,0.0,0.0,1.0,35.05,0.0,2.9705882352941178,40.0,West,Growth,,Nan,42.16,Watchlist
C01756,0.0,0.0,0.0,50.62,0.0,5.0,85.0,South,Pro,Inside Sales,Expired,66.13,Watchlist
C01757,0.0,0.0,0.0,55.11,0.0,2.9705882352941178,70.0,East,,Inside Sales,Expired,64.67,Watchlist
C01763,0.0,0.0,0.0,36.26,0.0,1.0,70.0,North,Enterprise,Partner,Nan,54.36,Watchlist
C01765,0.0,0.0,0.0,42.63,0.0,2.9705882352941178,100.0,,Basic,,Cancelled,54.05,Watchlist
C01767,0.0,0.0,0.0,50.0,0.0,2.9705882352941178,70.0,East,Enterprise,Inside Sales,Nan,63.4,Watchlist
C01773,0.0,0.0,0.0,40.77,0.0,3.0,85.0,,Pro,Website,Expired,62.26,Watchlist
C01779,0.0,0.0,0.0,65.06,0.0,2.9705882352941178,85.0,West,Enterprise,,Cancelled,63.41,Watchlist
C01780,0.0,0.0,0.0,51.88,0.0,2.9705882352941178,0.0,Central,Enterprise,,Trial,81.37,Healthy
C01781,0.0,18099.8,0.0,37.86,0.0,2.9705882352941178,75.0,West,Growth,Inside Sales,Expired,59.11,Watchlist
C01785,0.0,0.0,0.0,67.06,0.0,2.9705882352941178,15.0,East,,Partner,Trial,81.41,Healthy
C01786,27200.9486,0.0,0.0,34.26,0.0,2.9705882352941178,70.0,Central,Growth,,Expired,59.46,Watchlist
C01787,0.0,0.0,0.3333333333333333,45.8,0.0,2.9705882352941178,87.5,West,Growth,Website,Expired,49.64,Watchlist
C01788,0.0,0.0,0.0,44.96,0.0,2.0,40.0,East,Growth,Partner,Trial,64.67,Watchlist
C01790,0.0,0.0,0.0,57.47,0.0,2.9705882352941178,40.0,West,Basic,Partner,Trial,72.76,Healthy
C01792,0.0,86137.0,0.5,59.24,1.0,3.0,100.0,,Basic,,Expired,38.13,High Risk
C01793,0.0,0.0,0.0,0.0,0.0,2.9705882352941178,40.0,South,,Partner,Nan,58.4,Watchlist
C01794,0.0,62076.69,0.0,43.94,0.5,5.0,60.0,,,Website,Cancelled,64.46,Watchlist
C01795,0.0,14454.06,0.0,0.0,0.0,2.9705882352941178,60.0,,Growth,Marketplace,Cancelled,53.4,Watchlist
C01796,0.0,0.0,0.0,61.21,0.0,2.9705882352941178,40.0,North,Basic,Inside Sales,Trial,73.7,Healthy
C01799,40348.6953,0.0,0.0,63.41,0.0,2.9705882352941178,40.0,East,,Website,Active,74.25,Healthy
